date,pcTime,msFromStart,arduinoNumber,spoutNumber,licksCum,eventsCum,rewardsCum,randomSpout
20210504,134918,55368,0,0,1,0,0,0
20210504,134919,55817,0,0,2,0,0,0
20210504,134919,56200,0,0,3,0,0,0
20210504,134919,56566,0,0,4,0,0,0
20210504,134920,56950,0,0,5,0,0,0
20210504,134921,57762,0,0,5,1,1,0
20210504,134924,61354,0,2,1,0,0,0
20210504,134925,61821,0,2,2,0,0,0
20210504,134925,62213,0,2,3,0,0,0
20210504,134925,62607,0,2,4,0,0,0
20210504,134926,62996,0,2,5,0,0,0
20210504,134927,63795,0,2,5,1,1,0
20210504,134933,69886,1,0,1,0,0,0
20210504,134933,70355,1,0,2,0,0,0
20210504,134934,70767,1,0,3,0,0,0
20210504,134934,71171,1,0,4,0,0,0
20210504,134934,71582,1,0,5,0,0,0
20210504,134935,72385,1,0,5,1,1,0
20210504,134957,93803,1,2,1,0,0,0
20210504,134957,94284,1,2,2,0,0,0
20210504,134957,94669,1,2,3,0,0,0
20210504,134958,95211,1,2,4,0,0,0
20210504,134959,95751,1,2,5,0,0,0
20210504,134959,96552,1,2,5,1,1,0
20210504,140017,714192,1,2,6,1,1,0
20210504,140017,714353,1,2,7,1,1,0
20210504,140017,714442,1,2,8,1,1,0
20210504,140017,714525,1,2,9,1,1,0
20210504,140018,714706,1,2,10,1,1,0
20210504,140018,715508,1,2,10,2,2,0
20210504,140018,715602,1,2,11,2,2,0
20210504,140019,715721,1,2,12,2,2,0
20210504,140019,715823,1,2,13,2,2,0
20210504,140019,715923,1,2,14,2,2,0
20210504,140019,716025,1,2,15,2,2,0
20210504,140019,716140,1,2,16,2,2,0
20210504,140019,716237,1,2,17,2,2,0
20210504,140019,716342,1,2,18,2,2,0
20210504,140019,716454,1,2,19,2,2,0
20210504,140019,716569,1,2,20,2,2,0
20210504,140019,716675,1,2,21,2,2,0
20210504,140020,716775,1,2,22,2,2,0
20210504,140020,716892,1,2,23,2,2,0
20210504,140020,717007,1,2,24,2,2,0
20210504,140020,717108,1,2,25,2,2,0
20210504,140020,717224,1,2,26,2,2,0
20210504,140021,717791,1,2,27,2,2,0
20210504,140021,717913,1,2,28,2,2,0
20210504,140021,717986,1,2,29,2,2,0
20210504,140021,718103,1,2,30,2,2,0
20210504,140021,718220,1,2,31,2,2,0
20210504,140021,718330,1,2,32,2,2,0
20210504,140021,718449,1,2,33,2,2,0
20210504,140021,718551,1,2,34,2,2,0
20210504,140032,729002,1,2,35,2,2,0
20210504,140032,729084,1,2,36,2,2,0
20210504,140032,729167,1,2,37,2,2,0
20210504,140032,729251,1,2,38,2,2,0
20210504,140032,729334,1,2,39,2,2,0
20210504,140032,729419,1,2,40,2,2,0
20210504,140032,729517,1,2,41,2,2,0
20210504,140032,729618,1,2,42,2,2,0
20210504,140033,729718,1,2,43,2,2,0
20210504,140033,729817,1,2,44,2,2,0
20210504,140033,729929,1,2,45,2,2,0
20210504,140033,730018,1,2,46,2,2,0
20210504,140033,730134,1,2,47,2,2,0
20210504,140035,731827,0,2,6,1,1,0
20210504,140046,742773,1,0,6,1,1,0
20210504,140046,742910,1,0,7,1,1,0
20210504,140046,743076,1,0,8,1,1,0
20210504,140046,743159,1,0,9,1,1,0
20210504,140046,743243,1,0,10,1,1,0
20210504,140047,744056,1,0,10,2,2,0
20210504,140052,749358,1,0,11,2,2,0
20210504,140116,773422,1,2,48,2,2,0
20210504,140116,773474,1,2,49,2,2,0
20210504,140116,773573,1,2,50,2,2,0
20210504,140116,773656,1,2,51,2,2,0
20210504,140117,773741,1,2,52,2,2,0
20210504,140117,774555,1,2,52,3,3,0
20210504,140117,774639,1,2,53,3,3,0
20210504,140118,774722,1,2,54,3,3,0
20210504,140118,774822,1,2,55,3,3,0
20210504,140118,774921,1,2,56,3,3,0
20210504,140118,775039,1,2,57,3,3,0
20210504,140118,775140,1,2,58,3,3,0
20210504,140118,775240,1,2,59,3,3,0
20210504,140120,777645,1,2,60,3,3,0
20210504,140121,777736,1,2,61,3,3,0
20210504,140121,778033,1,2,62,3,3,0
20210504,140121,778132,1,2,63,3,3,0
20210504,140144,801645,1,0,12,2,2,0
20210504,140145,801724,1,0,13,2,2,0
20210504,140145,801810,1,0,14,2,2,0
20210504,140145,801895,1,0,15,2,2,0
20210504,140147,803707,1,0,16,2,2,0
20210504,140147,804517,1,0,16,3,3,0
20210504,140156,812814,1,0,17,3,3,0
20210504,140156,812948,1,0,18,3,3,0
20210504,140156,813032,1,0,19,3,3,0
20210504,140156,813331,1,0,20,3,3,0
20210504,140219,836251,1,2,64,3,3,0
20210504,140219,836333,1,2,65,3,3,0
20210504,140219,836426,1,2,66,3,3,0
20210504,140230,847055,0,0,6,1,1,0
20210504,140230,847271,0,0,7,1,1,0
20210504,140230,847552,0,0,8,1,1,0
20210504,140231,847738,0,0,9,1,1,0
20210504,140231,847788,1,0,21,3,3,0
20210504,140231,847851,0,0,10,1,1,0
20210504,140231,848655,0,0,10,2,2,0
20210504,140232,848703,0,0,11,2,2,0
20210504,140232,848814,0,0,12,2,2,0
20210504,140232,848937,0,0,13,2,2,0
20210504,140232,849037,0,0,14,2,2,0
20210504,140232,849154,0,0,15,2,2,0
20210504,140232,849254,0,0,16,2,2,0
20210504,140232,849371,0,0,17,2,2,0
20210504,140232,849498,0,0,18,2,2,0
20210504,140232,849605,0,0,19,2,2,0
20210504,140233,849719,0,0,20,2,2,0
20210504,140233,849847,0,0,21,2,2,0
20210504,140233,849938,0,0,22,2,2,0
20210504,140233,850055,0,0,23,2,2,0
20210504,140233,850165,0,0,24,2,2,0
20210504,140237,853883,1,2,67,3,3,0
20210504,140237,853955,1,2,68,3,3,0
20210504,140238,854768,1,2,68,4,4,0
20210504,140322,899415,1,0,22,3,3,0
20210504,140323,899722,1,0,23,3,3,0
20210504,140323,899905,1,0,24,3,3,0
20210504,140323,900100,1,0,25,3,3,0
20210504,140324,900906,1,0,25,4,4,0
20210504,140324,900989,1,0,26,4,4,0
20210504,140324,901206,1,0,27,4,4,0
20210504,140324,901406,1,0,28,4,4,0
20210504,140324,901605,1,0,29,4,4,0
20210504,140325,901721,1,0,30,4,4,0
20210504,140325,901922,1,0,31,4,4,0
20210504,140325,902055,1,0,32,4,4,0
20210504,140327,904621,0,0,25,2,2,0
20210504,140328,904705,0,0,26,2,2,0
20210504,140328,904852,0,0,27,2,2,0
20210504,140328,904946,0,0,28,2,2,0
20210504,140328,905038,0,0,29,2,2,0
20210504,140329,905838,0,0,29,3,3,0
20210504,140329,906150,0,0,30,3,3,0
20210504,140329,906272,0,0,31,3,3,0
20210504,140428,964970,1,0,33,4,4,0
20210504,140428,965184,1,0,34,4,4,0
20210504,140428,965421,1,0,35,4,4,0
20210504,140428,965688,1,0,36,4,4,0
20210504,140429,965799,1,0,37,4,4,0
20210504,140429,966603,1,0,37,5,5,0
20210504,140430,967008,1,0,38,5,5,0
20210504,140430,967397,1,0,39,5,5,0
20210504,140433,970428,1,0,40,5,5,0
20210504,140433,970526,1,0,41,5,5,0
20210504,140503,1000182,1,0,42,5,5,0
20210504,140503,1000282,1,0,43,5,5,0
20210504,140514,1011680,1,0,44,5,5,0
20210504,140515,1012077,1,0,45,5,5,0
20210504,140518,1015301,1,0,46,5,5,0
20210504,140519,1016103,1,0,46,6,6,0
20210504,140519,1016321,1,0,47,6,6,0
20210504,140542,1039527,1,0,48,6,6,0
20210504,140543,1039765,1,0,49,6,6,0
20210504,140701,1118223,1,0,50,6,6,0
20210504,140701,1118399,1,0,51,6,6,0
20210504,140701,1118633,1,0,52,6,6,0
20210504,140702,1119440,1,0,52,7,7,0
20210504,140702,1119507,1,0,53,7,7,0
20210504,140702,1119616,1,0,54,7,7,0
20210504,140703,1119816,1,0,55,7,7,0
20210504,140703,1120023,1,0,56,7,7,0
20210504,140703,1120149,1,0,57,7,7,0
20210504,140703,1120239,1,0,58,7,7,0
20210504,140703,1120450,1,0,59,7,7,0
20210504,140703,1120556,1,0,60,7,7,0
20210504,140703,1120668,1,0,61,7,7,0
20210504,140704,1120874,1,0,62,7,7,0
20210504,140704,1120990,1,0,63,7,7,0
20210504,140704,1121106,1,0,64,7,7,0
20210504,140704,1121191,1,0,65,7,7,0
20210504,140704,1121308,1,0,66,7,7,0
20210504,140704,1121423,1,0,67,7,7,0
20210504,140704,1121539,1,0,68,7,7,0
20210504,140704,1121639,1,0,69,7,7,0
20210504,140705,1121757,1,0,70,7,7,0
20210504,140705,1121857,1,0,71,7,7,0
20210504,140705,1121983,1,0,72,7,7,0
20210504,140705,1122090,1,0,73,7,7,0
20210504,140705,1122216,1,0,74,7,7,0
20210504,140705,1122323,1,0,75,7,7,0
20210504,140705,1122536,1,0,76,7,7,0
20210504,140705,1122641,1,0,77,7,7,0
20210504,140706,1122775,1,0,78,7,7,0
20210504,140706,1122857,1,0,79,7,7,0
20210504,140706,1122990,1,0,80,7,7,0
20210504,140706,1123091,1,0,81,7,7,0
20210504,140706,1123208,1,0,82,7,7,0
20210504,140706,1123308,1,0,83,7,7,0
20210504,140706,1123424,1,0,84,7,7,0
20210504,140706,1123540,1,0,85,7,7,0
20210504,140706,1123654,1,0,86,7,7,0
20210504,140707,1123774,1,0,87,7,7,0
20210504,140707,1123891,1,0,88,7,7,0
20210504,140707,1124007,1,0,89,7,7,0
20210504,140707,1124124,1,0,90,7,7,0
20210504,140707,1124357,1,0,91,7,7,0
20210504,140707,1124591,1,0,92,7,7,0
20210504,140708,1124702,1,0,93,7,7,0
20210504,140708,1124817,1,0,94,7,7,0
20210504,140708,1124924,1,0,95,7,7,0
20210504,140708,1125038,1,0,96,7,7,0
20210504,140708,1125157,1,0,97,7,7,0
20210504,140708,1125257,1,0,98,7,7,0
20210504,140708,1125374,1,0,99,7,7,0
20210504,140724,1141047,1,0,100,7,7,0
20210504,140724,1141130,1,0,101,7,7,0
20210504,140724,1141247,1,0,102,7,7,0
20210504,140724,1141310,1,0,103,7,7,0
20210504,140724,1141412,1,0,104,7,7,0
20210504,140725,1142213,1,0,104,8,8,0
20210504,140725,1142230,1,0,105,8,8,0
20210504,140725,1142346,1,0,106,8,8,0
20210504,140725,1142463,1,0,107,8,8,0
20210504,140725,1142556,1,0,108,8,8,0
20210504,140726,1142777,1,0,109,8,8,0
20210504,140726,1142981,1,0,110,8,8,0
20210504,140726,1143195,1,0,111,8,8,0
20210504,140726,1143313,1,0,112,8,8,0
20210504,140726,1143414,1,0,113,8,8,0
20210504,140732,1149120,0,0,32,3,3,0
20210504,140739,1155854,1,2,69,4,4,0
20210504,140744,1161371,1,0,114,8,8,0
20210504,140744,1161535,1,0,115,8,8,0
20210504,140744,1161634,1,0,116,8,8,0
20210504,140745,1161732,1,0,117,8,8,0
20210504,140745,1161839,1,0,118,8,8,0
20210504,140745,1161938,1,0,119,8,8,0
20210504,140746,1162739,1,0,119,9,9,0
20210504,140753,1170318,1,2,70,4,4,0
20210504,140753,1170399,1,2,71,4,4,0
20210504,140753,1170484,1,2,72,4,4,0
20210504,140753,1170652,1,2,73,4,4,0
20210504,140754,1171451,1,2,73,5,5,0
20210504,140754,1171546,1,2,74,5,5,0
20210504,140755,1171752,1,2,75,5,5,0
20210504,140755,1171952,1,2,76,5,5,0
20210504,140801,1177980,0,2,7,1,1,0
20210504,140801,1178151,0,2,8,1,1,0
20210504,140801,1178334,0,2,9,1,1,0
20210504,140801,1178434,0,2,10,1,1,0
20210504,140802,1179234,0,2,10,2,2,0
20210504,140802,1179285,0,2,11,2,2,0
20210504,140802,1179382,0,2,12,2,2,0
20210504,140802,1179496,0,2,13,2,2,0
20210504,140802,1179615,0,2,14,2,2,0
20210504,140803,1179718,0,2,15,2,2,0
20210504,140803,1179986,0,2,16,2,2,0
20210504,140803,1180218,0,2,17,2,2,0
20210504,140803,1180334,0,2,18,2,2,0
20210504,140803,1180451,0,2,19,2,2,0
20210504,140803,1180568,0,2,20,2,2,0
20210504,140803,1180684,0,2,21,2,2,0
20210504,140804,1180801,0,2,22,2,2,0
20210504,140804,1180914,0,2,23,2,2,0
20210504,140804,1181032,0,2,24,2,2,0
20210504,140804,1181163,0,2,25,2,2,0
20210504,140804,1181266,0,2,26,2,2,0
20210504,140804,1181516,0,2,27,2,2,0
20210504,140804,1181634,0,2,28,2,2,0
20210504,140805,1181752,0,2,29,2,2,0
20210504,140805,1181877,0,2,30,2,2,0
20210504,140805,1182232,0,2,31,2,2,0
20210504,140805,1182667,0,2,32,2,2,0
20210504,140806,1182786,0,2,33,2,2,0
20210504,140806,1183019,0,2,34,2,2,0
20210504,140810,1186925,1,2,77,5,5,0
20210504,140810,1187105,1,2,78,5,5,0
20210504,140810,1187196,1,2,79,5,5,0
20210504,140810,1187290,1,2,80,5,5,0
20210504,140810,1187474,1,2,81,5,5,0
20210504,140810,1187573,1,2,82,5,5,0
20210504,140812,1188695,1,2,83,5,5,0
20210504,140812,1188846,1,2,84,5,5,0
20210504,140826,1203157,1,0,120,9,9,0
20210504,140826,1203243,1,0,121,9,9,0
20210504,140826,1203406,1,0,122,9,9,0
20210504,140826,1203484,1,0,123,9,9,0
20210504,140826,1203574,1,0,124,9,9,0
20210504,140827,1204385,1,0,124,10,10,0
20210504,140833,1209969,1,0,125,10,10,0
20210504,140840,1217251,0,0,33,3,3,0
20210504,140840,1217576,0,0,34,3,3,0
20210504,140841,1217874,0,0,35,3,3,0
20210504,140841,1218075,0,0,36,3,3,0
20210504,140842,1218885,0,0,36,4,4,0
20210504,140842,1219091,0,0,37,4,4,0
20210504,140842,1219341,0,0,38,4,4,0
20210504,140842,1219559,0,0,39,4,4,0
20210504,140842,1219688,0,0,40,4,4,0
20210504,140843,1219921,0,0,41,4,4,0
20210504,140843,1220053,0,0,42,4,4,0
20210504,140843,1220290,0,0,43,4,4,0
20210504,140843,1220408,0,0,44,4,4,0
20210504,140843,1220541,0,0,45,4,4,0
20210504,140843,1220655,0,0,46,4,4,0
20210504,140844,1221191,0,0,47,4,4,0
20210504,140844,1221480,0,0,48,4,4,0
20210504,140844,1221597,0,0,49,4,4,0
20210504,140845,1221724,0,0,50,4,4,0
20210504,140845,1222114,0,0,51,4,4,0
20210504,140845,1222260,0,0,52,4,4,0
20210504,140845,1222379,0,0,53,4,4,0
20210504,140846,1222796,0,0,54,4,4,0
20210504,140846,1222928,0,0,55,4,4,0
20210504,140846,1223047,0,0,56,4,4,0
20210504,140846,1223472,0,0,57,4,4,0
20210504,140846,1223580,0,0,58,4,4,0
20210504,140847,1223723,0,0,59,4,4,0
20210504,140847,1223846,0,0,60,4,4,0
20210504,140901,1237762,0,0,61,4,4,0
20210504,140901,1237865,0,0,62,4,4,0
20210504,140901,1237933,0,0,63,4,4,0
20210504,140901,1238033,0,0,64,4,4,0
20210504,140901,1238116,0,0,65,4,4,0
20210504,140901,1238217,0,0,66,4,4,0
20210504,140906,1243685,1,2,85,5,5,0
20210504,140907,1243934,1,2,86,5,5,0
20210504,140907,1244218,1,2,87,5,5,0
20210504,140907,1244418,1,2,88,5,5,0
20210504,140907,1244518,1,2,89,5,5,0
20210504,140908,1245330,1,2,89,6,6,0
20210504,140908,1245351,1,2,90,6,6,0
20210504,140908,1245466,1,2,91,6,6,0
20210504,140908,1245569,1,2,92,6,6,0
20210504,140908,1245684,1,2,93,6,6,0
20210504,140909,1245802,1,2,94,6,6,0
20210504,140909,1245901,1,2,95,6,6,0
20210504,140909,1246006,1,2,96,6,6,0
20210504,140909,1246109,1,2,97,6,6,0
20210504,140909,1246225,1,2,98,6,6,0
20210504,140909,1246342,1,2,99,6,6,0
20210504,140909,1246551,1,2,100,6,6,0
20210504,140909,1246675,1,2,101,6,6,0
20210504,140910,1246762,1,2,102,6,6,0
20210504,140910,1246879,1,2,103,6,6,0
20210504,140910,1246993,1,2,104,6,6,0
20210504,140910,1247104,1,2,105,6,6,0
20210504,140910,1247328,1,2,106,6,6,0
20210504,140910,1247429,1,2,107,6,6,0
20210504,140910,1247559,1,2,108,6,6,0
20210504,140910,1247661,1,2,109,6,6,0
20210504,140911,1247776,1,2,110,6,6,0
20210504,140911,1247879,1,2,111,6,6,0
20210504,140911,1248341,1,2,112,6,6,0
20210504,140911,1248447,1,2,113,6,6,0
20210504,140911,1248575,1,2,114,6,6,0
20210504,140911,1248663,1,2,115,6,6,0
20210504,140912,1248796,1,2,116,6,6,0
20210504,140912,1248894,1,2,117,6,6,0
20210504,140912,1249013,1,2,118,6,6,0
20210504,140912,1249131,1,2,119,6,6,0
20210504,140912,1249246,1,2,120,6,6,0
20210504,140912,1249347,1,2,121,6,6,0
20210504,140912,1249462,1,2,122,6,6,0
20210504,140912,1249591,1,2,123,6,6,0
20210504,140912,1249692,1,2,124,6,6,0
20210504,140950,1287180,1,0,126,10,10,0
20210504,140950,1287347,1,0,127,10,10,0
20210504,140950,1287515,1,0,128,10,10,0
20210504,140951,1287697,1,0,129,10,10,0
20210504,140951,1287796,1,0,130,10,10,0
20210504,140951,1288597,1,0,130,11,11,0
20210504,140951,1288606,1,0,131,11,11,0
20210504,140952,1288713,1,0,132,11,11,0
20210504,140952,1288814,1,0,133,11,11,0
20210504,140952,1288926,1,0,134,11,11,0
20210504,140952,1289130,1,0,135,11,11,0
20210504,140952,1289230,1,0,136,11,11,0
20210504,140952,1289348,1,0,137,11,11,0
20210504,140952,1289447,1,0,138,11,11,0
20210504,140952,1289564,1,0,139,11,11,0
20210504,140952,1289665,1,0,140,11,11,0
20210504,140953,1289781,1,0,141,11,11,0
20210504,140953,1289898,1,0,142,11,11,0
20210504,140953,1289998,1,0,143,11,11,0
20210504,140953,1290096,1,0,144,11,11,0
20210504,140953,1290208,1,0,145,11,11,0
20210504,140953,1290336,1,0,146,11,11,0
20210504,140953,1290424,1,0,147,11,11,0
20210504,140953,1290540,1,0,148,11,11,0
20210504,140953,1290674,1,0,149,11,11,0
20210504,140954,1290769,1,0,150,11,11,0
20210504,140954,1290884,1,0,151,11,11,0
20210504,140958,1295510,0,2,35,2,2,0
20210504,140958,1295603,0,2,36,2,2,0
20210504,140958,1295676,0,2,37,2,2,0
20210504,140959,1295760,0,2,38,2,2,0
20210504,140959,1295861,0,2,39,2,2,0
20210504,140959,1296666,0,2,39,3,3,0
20210504,141000,1296701,0,2,40,3,3,0
20210504,141000,1296832,0,2,41,3,3,0
20210504,141000,1297151,0,2,42,3,3,0
20210504,141000,1297367,0,2,43,3,3,0
20210504,141001,1297717,0,2,44,3,3,0
20210504,141001,1297951,0,2,45,3,3,0
20210504,141001,1298183,0,2,46,3,3,0
20210504,141001,1298313,0,2,47,3,3,0
20210504,141002,1298798,0,2,48,3,3,0
20210504,141002,1298918,0,2,49,3,3,0
20210504,141002,1299150,0,2,50,3,3,0
20210504,141002,1299534,0,2,51,3,3,0
20210504,141002,1299651,0,2,52,3,3,0
20210504,141003,1299781,0,2,53,3,3,0
20210504,141003,1299901,0,2,54,3,3,0
20210504,141003,1300017,0,2,55,3,3,0
20210504,141003,1300149,0,2,56,3,3,0
20210504,141003,1300267,0,2,57,3,3,0
20210504,141003,1300645,0,2,58,3,3,0
20210504,141004,1300784,0,2,59,3,3,0
20210504,141004,1301234,0,2,60,3,3,0
20210504,141004,1301358,0,2,61,3,3,0
20210504,141004,1301475,0,2,62,3,3,0
20210504,141005,1301856,1,2,125,6,6,0
20210504,141005,1301938,1,2,126,6,6,0
20210504,141021,1318006,1,2,127,6,6,0
20210504,141021,1318076,1,2,128,6,6,0
20210504,141021,1318176,1,2,129,6,6,0
20210504,141022,1318976,1,2,129,7,7,0
20210504,141022,1319054,1,2,130,7,7,0
20210504,141022,1319160,1,2,131,7,7,0
20210504,141022,1319275,1,2,132,7,7,0
20210504,141022,1319386,1,2,133,7,7,0
20210504,141022,1319489,1,2,134,7,7,0
20210504,141029,1325755,1,0,152,11,11,0
20210504,141029,1325857,1,0,153,11,11,0
20210504,141029,1325960,1,0,154,11,11,0
20210504,141029,1326042,1,0,155,11,11,0
20210504,141029,1326127,1,0,156,11,11,0
20210504,141030,1326938,1,0,156,12,12,0
20210504,141049,1346283,1,0,157,12,12,0
20210504,141049,1346368,1,0,158,12,12,0
20210504,141049,1346453,1,0,159,12,12,0
20210504,141049,1346536,1,0,160,12,12,0
20210504,141049,1346636,1,0,161,12,12,0
20210504,141050,1347437,1,0,161,13,13,0
20210504,141055,1351775,1,0,162,13,13,0
20210504,141055,1351859,1,0,163,13,13,0
20210504,141055,1351943,1,0,164,13,13,0
20210504,141055,1352041,1,0,165,13,13,0
20210504,141055,1352135,1,0,166,13,13,0
20210504,141055,1352238,1,0,167,13,13,0
20210504,141055,1352337,1,0,168,13,13,0
20210504,141055,1352426,1,0,169,13,13,0
20210504,141057,1354324,0,2,63,3,3,0
20210504,141103,1360626,0,0,67,4,4,0
20210504,141104,1360793,0,0,68,4,4,0
20210504,141104,1360892,0,0,69,4,4,0
20210504,141105,1361704,0,0,69,5,5,0
20210504,141105,1361823,0,0,70,5,5,0
20210504,141105,1361921,0,0,71,5,5,0
20210504,141105,1362026,0,0,72,5,5,0
20210504,141105,1362142,0,0,73,5,5,0
20210504,141105,1362260,0,0,74,5,5,0
20210504,141105,1362359,0,0,75,5,5,0
20210504,141105,1362490,0,0,76,5,5,0
20210504,141105,1362609,0,0,77,5,5,0
20210504,141106,1362711,0,0,78,5,5,0
20210504,141106,1362828,0,0,79,5,5,0
20210504,141106,1362945,0,0,80,5,5,0
20210504,141106,1363179,0,0,81,5,5,0
20210504,141106,1363298,0,0,82,5,5,0
20210504,141106,1363549,0,0,83,5,5,0
20210504,141106,1363662,0,0,84,5,5,0
20210504,141107,1363903,0,0,85,5,5,0
20210504,141107,1364019,0,0,86,5,5,0
20210504,141107,1364153,0,0,87,5,5,0
20210504,141107,1364419,0,0,88,5,5,0
20210504,141107,1364520,0,0,89,5,5,0
20210504,141107,1364653,0,0,90,5,5,0
20210504,141108,1364786,0,0,91,5,5,0
20210504,141108,1364886,0,0,92,5,5,0
20210504,141108,1365003,0,0,93,5,5,0
20210504,141108,1365366,0,0,94,5,5,0
20210504,141108,1365497,0,0,95,5,5,0
20210504,141109,1365880,0,0,96,5,5,0
20210504,141109,1365995,0,0,97,5,5,0
20210504,141140,1396981,0,0,98,5,5,0
20210504,141140,1397079,0,0,99,5,5,0
20210504,141140,1397165,0,0,100,5,5,0
20210504,141140,1397263,0,0,101,5,5,0
20210504,141140,1397362,0,0,102,5,5,0
20210504,141141,1398166,0,0,102,6,6,0
20210504,141141,1398249,0,0,103,6,6,0
20210504,141141,1398362,0,0,104,6,6,0
20210504,141141,1398482,0,0,105,6,6,0
20210504,141141,1398599,0,0,106,6,6,0
20210504,141142,1398713,0,0,107,6,6,0
20210504,141142,1398816,0,0,108,6,6,0
20210504,141142,1398949,0,0,109,6,6,0
20210504,141142,1399062,0,0,110,6,6,0
20210504,141144,1401538,1,0,170,13,13,0
20210504,141144,1401621,1,0,171,13,13,0
20210504,141145,1401698,1,0,172,13,13,0
20210504,141145,1401771,1,0,173,13,13,0
20210504,141145,1401867,1,0,174,13,13,0
20210504,141145,1402671,1,0,174,14,14,0
20210504,141146,1402755,1,0,175,14,14,0
20210504,141146,1402872,1,0,176,14,14,0
20210504,141146,1402972,1,0,177,14,14,0
20210504,141146,1403074,1,0,178,14,14,0
20210504,141146,1403185,1,0,179,14,14,0
20210504,141146,1403291,1,0,180,14,14,0
20210504,141146,1403390,1,0,181,14,14,0
20210504,141146,1403505,1,0,182,14,14,0
20210504,141146,1403607,1,0,183,14,14,0
20210504,141147,1403735,1,0,184,14,14,0
20210504,141147,1403837,1,0,185,14,14,0
20210504,141147,1403939,1,0,186,14,14,0
20210504,141147,1404054,1,0,187,14,14,0
20210504,141147,1404172,1,0,188,14,14,0
20210504,141147,1404273,1,0,189,14,14,0
20210504,141147,1404389,1,0,190,14,14,0
20210504,141147,1404504,1,0,191,14,14,0
20210504,141147,1404623,1,0,192,14,14,0
20210504,141148,1404722,1,0,193,14,14,0
20210504,141148,1405356,1,0,194,14,14,0
20210504,141148,1405467,1,0,195,14,14,0
20210504,141148,1405569,1,0,196,14,14,0
20210504,141148,1405671,1,0,197,14,14,0
20210504,141207,1424641,1,0,198,14,14,0
20210504,141208,1424737,1,0,199,14,14,0
20210504,141208,1424808,1,0,200,14,14,0
20210504,141208,1424905,1,0,201,14,14,0
20210504,141208,1425004,1,0,202,14,14,0
20210504,141209,1425808,1,0,202,15,15,0
20210504,141222,1439228,1,0,203,15,15,0
20210504,141222,1439326,1,0,204,15,15,0
20210504,141222,1439394,1,0,205,15,15,0
20210504,141222,1439494,1,0,206,15,15,0
20210504,141222,1439589,1,0,207,15,15,0
20210504,141222,1439678,1,0,208,15,15,0
20210504,141223,1439777,1,0,209,15,15,0
20210504,141223,1439878,1,0,210,15,15,0
20210504,141223,1439990,1,0,211,15,15,0
20210504,141236,1452819,0,2,64,3,3,0
20210504,141236,1452921,0,2,65,3,3,0
20210504,141236,1453003,0,2,66,3,3,0
20210504,141236,1453104,0,2,67,3,3,0
20210504,141237,1453904,0,2,67,4,4,0
20210504,141237,1453964,0,2,68,4,4,0
20210504,141237,1454187,0,2,69,4,4,0
20210504,141237,1454407,0,2,70,4,4,0
20210504,141237,1454639,0,2,71,4,4,0
20210504,141238,1454751,0,2,72,4,4,0
20210504,141238,1455202,0,2,73,4,4,0
20210504,141238,1455441,0,2,74,4,4,0
20210504,141238,1455558,0,2,75,4,4,0
20210504,141238,1455686,0,2,76,4,4,0
20210504,141239,1455804,0,2,77,4,4,0
20210504,141239,1456041,0,2,78,4,4,0
20210504,141239,1456390,0,2,79,4,4,0
20210504,141239,1456624,0,2,80,4,4,0
20210504,141240,1456771,0,2,81,4,4,0
20210504,141240,1456991,0,2,82,4,4,0
20210504,141240,1457292,0,2,83,4,4,0
20210504,141240,1457418,0,2,84,4,4,0
20210504,141240,1457541,0,2,85,4,4,0
20210504,141240,1457674,0,2,86,4,4,0
20210504,141241,1457925,0,2,87,4,4,0
20210504,141241,1458052,0,2,88,4,4,0
20210504,141244,1460723,1,0,212,15,15,0
20210504,141244,1460845,1,0,213,15,15,0
20210504,141244,1460959,1,0,214,15,15,0
20210504,141244,1461084,1,0,215,15,15,0
20210504,141244,1461200,1,0,216,15,15,0
20210504,141245,1462005,1,0,216,16,16,0
20210504,141245,1462156,1,0,217,16,16,0
20210504,141245,1462290,1,0,218,16,16,0
20210504,141245,1462412,1,0,219,16,16,0
20210504,141245,1462524,1,0,220,16,16,0
20210504,141245,1462627,1,0,221,16,16,0
20210504,141246,1462729,1,0,222,16,16,0
20210504,141304,1481455,0,0,111,6,6,0
20210504,141305,1481890,0,0,112,6,6,0
20210504,141305,1482527,0,0,113,6,6,0
20210504,141306,1482743,0,0,114,6,6,0
20210504,141306,1482966,0,0,115,6,6,0
20210504,141307,1483765,0,0,115,7,7,0
20210504,141307,1483896,0,0,116,7,7,0
20210504,141307,1484027,0,0,117,7,7,0
20210504,141307,1484167,0,0,118,7,7,0
20210504,141307,1484269,0,0,119,7,7,0
20210504,141307,1484397,0,0,120,7,7,0
20210504,141307,1484519,0,0,121,7,7,0
20210504,141307,1484635,0,0,122,7,7,0
20210504,141308,1484752,0,0,123,7,7,0
20210504,141308,1484868,0,0,124,7,7,0
20210504,141308,1484986,0,0,125,7,7,0
20210504,141308,1485135,0,0,126,7,7,0
20210504,141308,1485248,0,0,127,7,7,0
20210504,141308,1485469,0,0,128,7,7,0
20210504,141308,1485596,0,0,129,7,7,0
20210504,141309,1485728,0,0,130,7,7,0
20210504,141309,1485847,0,0,131,7,7,0
20210504,141309,1486079,0,0,132,7,7,0
20210504,141309,1486213,0,0,133,7,7,0
20210504,141309,1486326,0,0,134,7,7,0
20210504,141309,1486447,0,0,135,7,7,0
20210504,141309,1486563,0,0,136,7,7,0
20210504,141310,1486697,0,0,137,7,7,0
20210504,141310,1486825,0,0,138,7,7,0
20210504,141310,1486930,0,0,139,7,7,0
20210504,141310,1487062,0,0,140,7,7,0
20210504,141310,1487312,0,0,141,7,7,0
20210504,141310,1487460,0,0,142,7,7,0
20210504,141310,1487574,0,0,143,7,7,0
20210504,141311,1487697,0,0,144,7,7,0
20210504,141311,1487975,0,0,145,7,7,0
20210504,141311,1488087,0,0,146,7,7,0
20210504,141311,1488420,0,0,147,7,7,0
20210504,141314,1491367,1,0,223,16,16,0
20210504,141314,1491435,1,0,224,16,16,0
20210504,141314,1491535,1,0,225,16,16,0
20210504,141314,1491620,1,0,226,16,16,0
20210504,141315,1491702,1,0,227,16,16,0
20210504,141315,1492348,0,0,148,7,7,0
20210504,141315,1492441,0,0,149,7,7,0
20210504,141315,1492511,1,0,227,17,17,0
20210504,141315,1492528,0,0,150,7,7,0
20210504,141328,1504899,1,0,228,17,17,0
20210504,141328,1505052,1,0,229,17,17,0
20210504,141328,1505300,1,0,230,17,17,0
20210504,141328,1505585,1,0,231,17,17,0
20210504,141329,1505699,1,0,232,17,17,0
20210504,141329,1505808,1,0,233,17,17,0
20210504,141329,1506108,1,0,234,17,17,0
20210504,141329,1506326,1,0,235,17,17,0
20210504,141329,1506442,1,0,236,17,17,0
20210504,141329,1506538,1,0,237,17,17,0
20210504,141329,1506656,1,0,238,17,17,0
20210504,141330,1506759,1,0,239,17,17,0
20210504,141330,1506869,1,0,240,17,17,0
20210504,141330,1506988,1,0,241,17,17,0
20210504,141330,1507092,1,0,242,17,17,0
20210504,141330,1507209,1,0,243,17,17,0
20210504,141330,1507332,1,0,244,17,17,0
20210504,141330,1507447,1,0,245,17,17,0
20210504,141330,1507548,1,0,246,17,17,0
20210504,141330,1507664,1,0,247,17,17,0
20210504,141331,1507778,1,0,248,17,17,0
20210504,141331,1507899,1,0,249,17,17,0
20210504,141331,1507998,1,0,250,17,17,0
20210504,141331,1508127,1,0,251,17,17,0
20210504,141331,1508343,1,0,252,17,17,0
20210504,141356,1533460,0,0,151,7,7,0
20210504,141356,1533574,0,0,152,7,7,0
20210504,141356,1533656,0,0,153,7,7,0
20210504,141357,1533744,0,0,154,7,7,0
20210504,141357,1533844,0,0,155,7,7,0
20210504,141357,1534651,0,0,155,8,8,0
20210504,141357,1534680,0,0,156,8,8,0
20210504,141358,1534930,0,0,157,8,8,0
20210504,141358,1535163,0,0,158,8,8,0
20210504,141358,1535386,0,0,159,8,8,0
20210504,141358,1535515,0,0,160,8,8,0
20210504,141358,1535636,0,0,161,8,8,0
20210504,141359,1535735,0,0,162,8,8,0
20210504,141359,1535869,0,0,163,8,8,0
20210504,141359,1535985,0,0,164,8,8,0
20210504,141359,1536232,0,0,165,8,8,0
20210504,141359,1536335,0,0,166,8,8,0
20210504,141359,1536466,0,0,167,8,8,0
20210504,141359,1536586,0,0,168,8,8,0
20210504,141359,1536685,0,0,169,8,8,0
20210504,141528,1625642,1,0,253,17,17,0
20210504,141529,1625724,1,0,254,17,17,0
20210504,141529,1625810,1,0,255,17,17,0
20210504,141529,1625894,1,0,256,17,17,0
20210504,141529,1625994,1,0,257,17,17,0
20210504,141530,1626795,1,0,257,18,18,0
20210504,141530,1626812,1,0,258,18,18,0
20210504,141530,1626911,1,0,259,18,18,0
20210504,141530,1627028,1,0,260,18,18,0
20210504,141530,1627128,1,0,261,18,18,0
20210504,141530,1627244,1,0,262,18,18,0
20210504,141530,1627361,1,0,263,18,18,0
20210504,141530,1627457,1,0,264,18,18,0
20210504,141530,1627678,1,0,265,18,18,0
20210504,141531,1627793,1,0,266,18,18,0
20210504,141531,1627907,1,0,267,18,18,0
20210504,141531,1628009,1,0,268,18,18,0
20210504,141531,1628124,1,0,269,18,18,0
20210504,141531,1628240,1,0,270,18,18,0
20210504,141531,1628345,1,0,271,18,18,0
20210504,141531,1628478,1,0,272,18,18,0
20210504,141531,1628578,1,0,273,18,18,0
20210504,141532,1628695,1,0,274,18,18,0
20210504,141532,1628811,1,0,275,18,18,0
20210504,141532,1628928,1,0,276,18,18,0
20210504,141532,1629058,1,0,277,18,18,0
20210504,141532,1629176,1,0,278,18,18,0
20210504,141532,1629278,1,0,279,18,18,0
20210504,141532,1629394,1,0,280,18,18,0
20210504,141532,1629512,1,0,281,18,18,0
20210504,141532,1629562,0,0,170,8,8,0
20210504,141532,1629629,1,0,282,18,18,0
20210504,141533,1629739,0,0,171,8,8,0
20210504,141533,1629745,1,0,283,18,18,0
20210504,141533,1629861,1,0,284,18,18,0
20210504,141533,1629911,0,0,172,8,8,0
20210504,141533,1629979,1,0,285,18,18,0
20210504,141533,1630025,0,0,173,8,8,0
20210504,141533,1630095,1,0,286,18,18,0
20210504,141533,1630211,1,0,287,18,18,0
20210504,141533,1630222,0,0,174,8,8,0
20210504,141533,1630462,1,0,288,18,18,0
20210504,141533,1630578,1,0,289,18,18,0
20210504,141534,1630694,1,0,290,18,18,0
20210504,141534,1630823,1,0,291,18,18,0
20210504,141534,1630939,1,0,292,18,18,0
20210504,141534,1631028,0,0,174,9,9,0
20210504,141534,1631057,1,0,293,18,18,0
20210504,141534,1631111,0,0,175,9,9,0
20210504,141534,1631192,1,0,294,18,18,0
20210504,141534,1631245,0,0,176,9,9,0
20210504,141534,1631298,1,0,295,18,18,0
20210504,141534,1631377,0,0,177,9,9,0
20210504,141534,1631430,1,0,296,18,18,0
20210504,141534,1631547,1,0,297,18,18,0
20210504,141534,1631613,0,0,178,9,9,0
20210504,141534,1631679,1,0,298,18,18,0
20210504,141535,1631746,0,0,179,9,9,0
20210504,141535,1631780,1,0,299,18,18,0
20210504,141535,1631979,0,0,180,9,9,0
20210504,141535,1632112,0,0,181,9,9,0
20210504,141535,1632241,0,0,182,9,9,0
20210504,141535,1632326,1,0,300,18,18,0
20210504,141535,1632360,0,0,183,9,9,0
20210504,141535,1632497,0,0,184,9,9,0
20210504,141535,1632597,0,0,185,9,9,0
20210504,141535,1632680,1,0,301,18,18,0
20210504,141536,1632746,0,0,186,9,9,0
20210504,141536,1632846,0,0,187,9,9,0
20210504,141536,1632980,0,0,188,9,9,0
20210504,141536,1633100,0,0,189,9,9,0
20210504,141536,1633238,0,0,190,9,9,0
20210504,141536,1633359,0,0,191,9,9,0
20210504,141536,1633485,0,0,192,9,9,0
20210504,141536,1633617,0,0,193,9,9,0
20210504,141537,1633736,0,0,194,9,9,0
20210504,141537,1633867,0,0,195,9,9,0
20210504,141537,1633971,0,0,196,9,9,0
20210504,141537,1634238,0,0,197,9,9,0
20210504,141537,1634354,0,0,198,9,9,0
20210504,141537,1634505,0,0,199,9,9,0
20210504,141537,1634605,0,0,200,9,9,0
20210504,141538,1634739,0,0,201,9,9,0
20210504,141538,1634872,0,0,202,9,9,0
20210504,141538,1634973,0,0,203,9,9,0
20210504,141538,1635038,1,0,302,18,18,0
20210504,141538,1635123,0,0,204,9,9,0
20210504,141538,1635136,1,0,303,18,18,0
20210504,141538,1635222,0,0,205,9,9,0
20210504,141538,1635256,1,0,304,18,18,0
20210504,141538,1635338,0,0,206,9,9,0
20210504,141538,1635469,1,0,305,18,18,0
20210504,141538,1635484,0,0,207,9,9,0
20210504,141538,1635573,1,0,306,18,18,0
20210504,141538,1635605,0,0,208,9,9,0
20210504,141538,1635688,1,0,307,18,18,0
20210504,141539,1635723,0,0,209,9,9,0
20210504,141539,1635805,1,0,308,18,18,0
20210504,141539,1635872,0,0,210,9,9,0
20210504,141539,1635935,1,0,309,18,18,0
20210504,141539,1635989,0,0,211,9,9,0
20210504,141539,1636034,1,0,310,18,18,0
20210504,141539,1636119,0,0,212,9,9,0
20210504,141539,1636155,1,0,311,18,18,0
20210504,141539,1636250,0,0,213,9,9,0
20210504,141539,1636289,1,0,312,18,18,0
20210504,141539,1636373,0,0,214,9,9,0
20210504,141539,1636402,1,0,313,18,18,0
20210504,141539,1636521,1,0,314,18,18,0
20210504,141539,1636639,1,0,315,18,18,0
20210504,141540,1636754,0,0,215,9,9,0
20210504,141540,1636756,1,0,316,18,18,0
20210504,141540,1636872,1,0,317,18,18,0
20210504,141540,1636888,0,0,216,9,9,0
20210504,141540,1637138,1,0,318,18,18,0
20210504,141540,1637254,1,0,319,18,18,0
20210504,141540,1637372,1,0,320,18,18,0
20210504,141540,1637473,1,0,321,18,18,0
20210504,141540,1637623,1,0,322,18,18,0
20210504,141541,1637723,1,0,323,18,18,0
20210504,141541,1637839,1,0,324,18,18,0
20210504,141617,1674021,0,0,217,9,9,0
20210504,141617,1674105,0,0,218,9,9,0
20210504,141617,1674206,0,0,219,9,9,0
20210504,141617,1674304,0,0,220,9,9,0
20210504,141617,1674405,0,0,221,9,9,0
20210504,141618,1675212,0,0,221,10,10,0
20210504,141618,1675323,0,0,222,10,10,0
20210504,141618,1675445,0,0,223,10,10,0
20210504,141618,1675561,0,0,224,10,10,0
20210504,141618,1675678,0,0,225,10,10,0
20210504,141619,1675807,0,0,226,10,10,0
20210504,141619,1675926,0,0,227,10,10,0
20210504,141619,1676045,0,0,228,10,10,0
20210504,141619,1676162,0,0,229,10,10,0
20210504,141619,1676278,0,0,230,10,10,0
20210504,141619,1676412,0,0,231,10,10,0
20210504,141619,1676561,0,0,232,10,10,0
20210504,141619,1676646,0,0,233,10,10,0
20210504,141620,1676794,0,0,234,10,10,0
20210504,141659,1716383,0,0,235,10,10,0
20210504,141659,1716455,0,0,236,10,10,0
20210504,141659,1716555,0,0,237,10,10,0
20210504,141659,1716638,0,0,238,10,10,0
20210504,141700,1716739,0,0,239,10,10,0
20210504,141700,1717545,0,0,239,11,11,0
20210504,141700,1717621,0,0,240,11,11,0
20210504,141701,1717743,0,0,241,11,11,0
20210504,141701,1717961,0,0,242,11,11,0
20210504,141701,1718078,0,0,243,11,11,0
20210504,141701,1718210,0,0,244,11,11,0
20210504,141701,1718309,0,0,245,11,11,0
20210504,141708,1725335,0,0,246,11,11,0
20210504,141708,1725434,0,0,247,11,11,0
20210504,141708,1725518,0,0,248,11,11,0
20210504,141708,1725635,0,0,249,11,11,0
20210504,141709,1725735,0,0,250,11,11,0
20210504,141709,1725851,0,0,251,11,11,0
20210504,141709,1725963,0,0,252,11,11,0
20210504,141709,1726085,0,0,253,11,11,0
20210504,141709,1726202,0,0,254,11,11,0
20210504,141709,1726318,0,0,255,11,11,0
20210504,141709,1726468,0,0,256,11,11,0
20210504,141709,1726568,0,0,257,11,11,0
20210504,141709,1726685,0,0,258,11,11,0
20210504,141710,1726802,0,0,259,11,11,0
20210504,141710,1726934,0,0,260,11,11,0
20210504,141710,1727051,0,0,261,11,11,0
20210504,141710,1727168,0,0,262,11,11,0
20210504,141710,1727284,0,0,263,11,11,0
20210504,141710,1727418,0,0,264,11,11,0
20210504,141710,1727518,0,0,265,11,11,0
20210504,141710,1727651,0,0,266,11,11,0
20210504,141711,1727768,0,0,267,11,11,0
20210504,141711,1727884,0,0,268,11,11,0
20210504,141711,1728018,0,0,269,11,11,0
20210504,141711,1728134,0,0,270,11,11,0
20210504,141724,1741021,1,0,325,18,18,0
20210504,141724,1741122,1,0,326,18,18,0
20210504,141724,1741220,1,0,327,18,18,0
20210504,141724,1741305,1,0,328,18,18,0
20210504,141724,1741405,1,0,329,18,18,0
20210504,141725,1742206,1,0,329,19,19,0
20210504,141725,1742222,1,0,330,19,19,0
20210504,141725,1742322,1,0,331,19,19,0
20210504,141725,1742437,1,0,332,19,19,0
20210504,141725,1742540,1,0,333,19,19,0
20210504,141725,1742656,1,0,334,19,19,0
20210504,141726,1742769,1,0,335,19,19,0
20210504,141726,1742873,1,0,336,19,19,0
20210504,141726,1742973,1,0,337,19,19,0
20210504,141726,1743078,1,0,338,19,19,0
20210504,141726,1743195,1,0,339,19,19,0
20210504,141726,1743309,1,0,340,19,19,0
20210504,141726,1743424,1,0,341,19,19,0
20210504,141726,1743529,1,0,342,19,19,0
20210504,141726,1743646,1,0,343,19,19,0
20210504,141727,1743762,1,0,344,19,19,0
20210504,141727,1743879,1,0,345,19,19,0
20210504,141727,1744010,1,0,346,19,19,0
20210504,141727,1744113,1,0,347,19,19,0
20210504,141727,1744227,1,0,348,19,19,0
20210504,141727,1744346,1,0,349,19,19,0
20210504,141727,1744446,1,0,350,19,19,0
20210504,141727,1744579,1,0,351,19,19,0
20210504,141728,1744713,1,0,352,19,19,0
20210504,141728,1744813,1,0,353,19,19,0
20210504,141728,1744931,1,0,354,19,19,0
20210504,141728,1745045,1,0,355,19,19,0
20210504,141729,1746176,1,0,356,19,19,0
20210504,141729,1746264,1,0,357,19,19,0
20210504,141729,1746409,1,0,358,19,19,0
20210504,141729,1746497,1,0,359,19,19,0
20210504,141729,1746614,1,0,360,19,19,0
20210504,141730,1746948,1,0,361,19,19,0
20210504,141730,1747165,1,0,362,19,19,0
20210504,141730,1747343,1,0,363,19,19,0
20210504,141731,1748204,1,0,364,19,19,0
20210504,141731,1748591,1,0,365,19,19,0
20210504,141732,1749130,1,0,366,19,19,0
20210504,141733,1750246,1,0,367,19,19,0
20210504,141733,1750296,1,0,368,19,19,0
20210504,141734,1751492,0,0,271,11,11,0
20210504,141734,1751564,0,0,272,11,11,0
20210504,141734,1751663,0,0,273,11,11,0
20210504,141735,1751779,0,0,274,11,11,0
20210504,141735,1751896,0,0,275,11,11,0
20210504,141736,1752697,0,0,275,12,12,0
20210504,141736,1752731,0,0,276,12,12,0
20210504,141736,1752847,0,0,277,12,12,0
20210504,141736,1752979,0,0,278,12,12,0
20210504,141736,1753102,0,0,279,12,12,0
20210504,141736,1753233,0,0,280,12,12,0
20210504,141736,1753339,0,0,281,12,12,0
20210504,141736,1753454,0,0,282,12,12,0
20210504,141736,1753571,0,0,283,12,12,0
20210504,141737,1753704,0,0,284,12,12,0
20210504,141737,1753819,0,0,285,12,12,0
20210504,141737,1753939,0,0,286,12,12,0
20210504,141737,1754071,0,0,287,12,12,0
20210504,141737,1754182,0,0,288,12,12,0
20210504,141737,1754231,1,0,369,19,19,0
20210504,141737,1754315,0,0,289,12,12,0
20210504,141737,1754315,1,0,370,19,19,0
20210504,141737,1754413,1,0,371,19,19,0
20210504,141737,1754429,0,0,290,12,12,0
20210504,141737,1754511,1,0,372,19,19,0
20210504,141737,1754564,0,0,291,12,12,0
20210504,141737,1754614,1,0,373,19,19,0
20210504,141737,1754682,0,0,292,12,12,0
20210504,141738,1754715,1,0,374,19,19,0
20210504,141738,1754816,1,0,375,19,19,0
20210504,141738,1754915,1,0,376,19,19,0
20210504,141738,1755032,1,0,377,19,19,0
20210504,141738,1755165,1,0,378,19,19,0
20210504,141740,1757100,1,0,379,19,19,0
20210504,141740,1757167,1,0,380,19,19,0
20210504,141757,1774328,1,2,135,7,7,0
20210504,141757,1774411,1,2,136,7,7,0
20210504,141757,1774504,1,2,137,7,7,0
20210504,141757,1774587,1,2,138,7,7,0
20210504,141757,1774654,1,2,139,7,7,0
20210504,141758,1775465,1,2,139,8,8,0
20210504,141806,1782700,1,2,140,8,8,0
20210504,141806,1782797,1,2,141,8,8,0
20210504,141809,1786077,1,2,142,8,8,0
20210504,141809,1786178,1,2,143,8,8,0
20210504,141809,1786562,1,2,144,8,8,0
20210504,141809,1786677,1,2,145,8,8,0
20210504,141810,1786759,1,2,146,8,8,0
20210504,141811,1788384,0,0,293,12,12,0
20210504,141811,1788483,0,0,294,12,12,0
20210504,141811,1788682,0,0,295,12,12,0
20210504,141812,1788780,0,0,296,12,12,0
20210504,141812,1788895,0,0,297,12,12,0
20210504,141813,1789700,0,0,297,13,13,0
20210504,141815,1792307,1,0,381,19,19,0
20210504,141815,1792394,1,0,382,19,19,0
20210504,141815,1792510,1,0,383,19,19,0
20210504,141816,1792932,1,0,384,19,19,0
20210504,141816,1793035,1,0,385,19,19,0
20210504,141817,1793846,1,0,385,20,20,0
20210504,141817,1794318,1,0,386,20,20,0
20210504,141817,1794418,1,0,387,20,20,0
20210504,141821,1798385,0,2,89,4,4,0
20210504,141821,1798468,0,2,90,4,4,0
20210504,141821,1798551,0,2,91,4,4,0
20210504,141821,1798668,0,2,92,4,4,0
20210504,141822,1798752,0,2,93,4,4,0
20210504,141822,1799568,0,2,93,5,5,0
20210504,141826,1803006,1,0,388,20,20,0
20210504,141826,1803107,1,0,389,20,20,0
20210504,141826,1803201,1,0,390,20,20,0
20210504,141826,1803296,1,0,391,20,20,0
20210504,141826,1803398,1,0,392,20,20,0
20210504,141826,1803500,1,0,393,20,20,0
20210504,141826,1803618,1,0,394,20,20,0
20210504,141827,1803719,1,0,395,20,20,0
20210504,141827,1803835,1,0,396,20,20,0
20210504,141827,1803934,1,0,397,20,20,0
20210504,141832,1809280,1,0,398,20,20,0
20210504,141832,1809362,1,0,399,20,20,0
20210504,141832,1809463,1,0,400,20,20,0
20210504,141832,1809550,1,0,401,20,20,0
20210504,141832,1809666,1,0,402,20,20,0
20210504,141833,1809779,1,0,403,20,20,0
20210504,141833,1809999,1,0,404,20,20,0
20210504,141833,1810115,1,0,405,20,20,0
20210504,141833,1810233,1,0,406,20,20,0
20210504,141833,1810348,1,0,407,20,20,0
20210504,141833,1810479,1,0,408,20,20,0
20210504,141833,1810583,1,0,409,20,20,0
20210504,141834,1810700,1,0,410,20,20,0
20210504,141834,1810816,1,0,411,20,20,0
20210504,141834,1810933,1,0,412,20,20,0
20210504,141834,1811061,1,0,413,20,20,0
20210504,141834,1811166,1,0,414,20,20,0
20210504,141834,1811300,1,0,415,20,20,0
20210504,141834,1811417,1,0,416,20,20,0
20210504,141834,1811534,1,0,417,20,20,0
20210504,141834,1811668,1,0,418,20,20,0
20210504,141835,1811782,1,0,419,20,20,0
20210504,141835,1811897,1,0,420,20,20,0
20210504,141835,1812016,1,0,421,20,20,0
20210504,141835,1812150,1,0,422,20,20,0
20210504,141835,1812268,1,0,423,20,20,0
20210504,141840,1817577,1,0,424,20,20,0
20210504,141840,1817661,1,0,425,20,20,0
20210504,141841,1817781,1,0,426,20,20,0
20210504,141902,1838776,1,0,427,20,20,0
20210504,141902,1838872,1,0,428,20,20,0
20210504,141902,1839675,1,0,428,21,21,0
20210504,141903,1839709,1,0,429,21,21,0
20210504,141903,1839826,1,0,430,21,21,0
20210504,141903,1839940,1,0,431,21,21,0
20210504,141903,1840043,1,0,432,21,21,0
20210504,141903,1840159,1,0,433,21,21,0
20210504,141903,1840260,1,0,434,21,21,0
20210504,141903,1840376,1,0,435,21,21,0
20210504,141903,1840505,1,0,436,21,21,0
20210504,141903,1840592,1,0,437,21,21,0
20210504,141904,1840837,1,0,438,21,21,0
20210504,141904,1840939,1,0,439,21,21,0
20210504,141904,1841042,1,0,440,21,21,0
20210504,141904,1841158,1,0,441,21,21,0
20210504,141904,1841275,1,0,442,21,21,0
20210504,141904,1841390,1,0,443,21,21,0
20210504,141904,1841504,1,0,444,21,21,0
20210504,141904,1841623,1,0,445,21,21,0
20210504,141905,1841725,1,0,446,21,21,0
20210504,141905,1841842,1,0,447,21,21,0
20210504,141905,1842059,1,0,448,21,21,0
20210504,141927,1864327,0,2,94,5,5,0
20210504,141927,1864493,0,2,95,5,5,0
20210504,141928,1864865,0,2,96,5,5,0
20210504,141928,1865401,0,2,97,5,5,0
20210504,141928,1865638,0,2,98,5,5,0
20210504,141929,1866446,0,2,98,6,6,0
20210504,141947,1884436,1,2,147,8,8,0
20210504,141947,1884686,1,2,148,8,8,0
20210504,141948,1884971,1,2,149,8,8,0
20210504,141948,1885270,1,2,150,8,8,0
20210504,141959,1895990,1,0,449,21,21,0
20210504,141959,1896090,1,0,450,21,21,0
20210504,141959,1896173,1,0,451,21,21,0
20210504,141959,1896273,1,0,452,21,21,0
20210504,141959,1896358,1,0,453,21,21,0
20210504,142000,1897174,1,0,453,22,22,0
20210504,142025,1922090,0,2,99,6,6,0
20210504,142025,1922258,0,2,100,6,6,0
20210504,142026,1923677,0,2,101,6,6,0
20210504,142029,1925833,1,0,454,22,22,0
20210504,142029,1925934,1,0,455,22,22,0
20210504,142029,1926017,1,0,456,22,22,0
20210504,142029,1926100,1,0,457,22,22,0
20210504,142029,1926199,1,0,458,22,22,0
20210504,142030,1927016,1,0,458,23,23,0
20210504,142030,1927049,1,0,459,23,23,0
20210504,142030,1927149,1,0,460,23,23,0
20210504,142030,1927267,1,0,461,23,23,0
20210504,142030,1927366,1,0,462,23,23,0
20210504,142030,1927480,1,0,463,23,23,0
20210504,142030,1927680,1,0,464,23,23,0
20210504,142031,1927799,1,0,465,23,23,0
20210504,142031,1928016,1,0,466,23,23,0
20210504,142222,2038849,0,0,298,13,13,0
20210504,142222,2038916,0,0,299,13,13,0
20210504,142222,2039014,0,0,300,13,13,0
20210504,142222,2039100,0,0,301,13,13,0
20210504,142222,2039200,0,0,302,13,13,0
20210504,142223,2040000,0,0,302,14,14,0
20210504,142223,2040066,0,0,303,14,14,0
20210504,142223,2040184,0,0,304,14,14,0
20210504,142223,2040300,0,0,305,14,14,0
20210504,142223,2040417,0,0,306,14,14,0
20210504,142223,2040533,0,0,307,14,14,0
20210504,142223,2040650,0,0,308,14,14,0
20210504,142224,2040767,0,0,309,14,14,0
20210504,142224,2040881,0,0,310,14,14,0
20210504,142224,2041000,0,0,311,14,14,0
20210504,142224,2041216,0,0,312,14,14,0
20210504,142224,2041351,0,0,313,14,14,0
20210504,142224,2041468,0,0,314,14,14,0
20210504,142224,2041584,0,0,315,14,14,0
20210504,142225,2041713,0,0,316,14,14,0
20210504,142225,2041950,0,0,317,14,14,0
20210504,142225,2042067,0,0,318,14,14,0
20210504,142225,2042196,0,0,319,14,14,0
20210504,142225,2042317,0,0,320,14,14,0
20210504,142225,2042450,0,0,321,14,14,0
20210504,142225,2042567,0,0,322,14,14,0
20210504,142226,2042700,0,0,323,14,14,0
20210504,142226,2042847,0,0,324,14,14,0
20210504,142226,2042966,0,0,325,14,14,0
20210504,142226,2043100,0,0,326,14,14,0
20210504,142226,2043219,0,0,327,14,14,0
20210504,142226,2043351,0,0,328,14,14,0
20210504,142226,2043473,0,0,329,14,14,0
20210504,142226,2043591,0,0,330,14,14,0
20210504,142227,2043706,0,0,331,14,14,0
20210504,142227,2043873,0,0,332,14,14,0
20210504,142227,2043990,0,0,333,14,14,0
20210504,142227,2044107,0,0,334,14,14,0
20210504,142227,2044240,0,0,335,14,14,0
20210504,142227,2044373,0,0,336,14,14,0
20210504,142227,2044498,0,0,337,14,14,0
20210504,142228,2044764,0,0,338,14,14,0
20210504,142228,2044882,0,0,339,14,14,0
20210504,142228,2045183,0,0,340,14,14,0
20210504,142228,2045299,0,0,341,14,14,0
20210504,142231,2048439,1,0,467,23,23,0
20210504,142231,2048689,1,0,468,23,23,0
20210504,142232,2048856,1,0,469,23,23,0
20210504,142232,2049057,1,0,470,23,23,0
20210504,142232,2049239,1,0,471,23,23,0
20210504,142233,2050039,1,0,471,24,24,0
20210504,142233,2050071,1,0,472,24,24,0
20210504,142233,2050189,1,0,473,24,24,0
20210504,142233,2050289,1,0,474,24,24,0
20210504,142233,2050405,1,0,475,24,24,0
20210504,142233,2050523,1,0,476,24,24,0
20210504,142233,2050622,1,0,477,24,24,0
20210504,142234,2050740,1,0,478,24,24,0
20210504,142234,2050872,1,0,479,24,24,0
20210504,142234,2050958,1,0,480,24,24,0
20210504,142234,2051075,1,0,481,24,24,0
20210504,142234,2051190,1,0,482,24,24,0
20210504,142234,2051290,1,0,483,24,24,0
20210504,142234,2051407,1,0,484,24,24,0
20210504,142234,2051539,1,0,485,24,24,0
20210504,142234,2051657,1,0,486,24,24,0
20210504,142235,2051741,1,0,487,24,24,0
20210504,142235,2051870,1,0,488,24,24,0
20210504,142235,2052224,1,0,489,24,24,0
20210504,142235,2052340,1,0,490,24,24,0
20210504,142235,2052453,1,0,491,24,24,0
20210504,142235,2052573,1,0,492,24,24,0
20210504,142235,2052690,1,0,493,24,24,0
20210504,142236,2052805,1,0,494,24,24,0
20210504,142236,2052907,1,0,495,24,24,0
20210504,142236,2053026,1,0,496,24,24,0
20210504,142236,2053129,1,0,497,24,24,0
20210504,142236,2053268,1,0,498,24,24,0
20210504,142240,2056765,1,0,499,24,24,0
20210504,142240,2057033,1,0,500,24,24,0
20210504,142240,2057117,1,0,501,24,24,0
20210504,142240,2057233,1,0,502,24,24,0
20210504,142240,2057331,1,0,503,24,24,0
20210504,142240,2057432,1,0,504,24,24,0
20210504,142240,2057531,1,0,505,24,24,0
20210504,142250,2067301,1,2,151,8,8,0
20210504,142251,2068108,1,2,151,9,9,0
20210504,142307,2084063,1,0,506,24,24,0
20210504,142307,2084147,1,0,507,24,24,0
20210504,142307,2084247,1,0,508,24,24,0
20210504,142307,2084346,1,0,509,24,24,0
20210504,142307,2084447,1,0,510,24,24,0
20210504,142308,2085246,1,0,510,25,25,0
20210504,142312,2089033,0,0,342,14,14,0
20210504,142312,2089100,0,0,343,14,14,0
20210504,142312,2089199,0,0,344,14,14,0
20210504,142312,2089284,0,0,345,14,14,0
20210504,142312,2089381,0,0,346,14,14,0
20210504,142313,2090198,0,0,346,15,15,0
20210504,142313,2090282,0,0,347,15,15,0
20210504,142313,2090416,0,0,348,15,15,0
20210504,142313,2090533,0,0,349,15,15,0
20210504,142313,2090649,0,0,350,15,15,0
20210504,142314,2090764,0,0,351,15,15,0
20210504,142314,2090883,0,0,352,15,15,0
20210504,142314,2091016,0,0,353,15,15,0
20210504,142314,2091134,0,0,354,15,15,0
20210504,142314,2091266,0,0,355,15,15,0
20210504,142314,2091399,0,0,356,15,15,0
20210504,142314,2091648,0,0,357,15,15,0
20210504,142315,2091763,0,0,358,15,15,0
20210504,142315,2091881,0,0,359,15,15,0
20210504,142315,2091999,0,0,360,15,15,0
20210504,142315,2092233,0,0,361,15,15,0
20210504,142315,2092365,0,0,362,15,15,0
20210504,142315,2092482,0,0,363,15,15,0
20210504,142315,2092617,0,0,364,15,15,0
20210504,142316,2092733,0,0,365,15,15,0
20210504,142316,2092867,0,0,366,15,15,0
20210504,142316,2092950,1,0,511,25,25,0
20210504,142316,2092983,0,0,367,15,15,0
20210504,142316,2093185,1,0,512,25,25,0
20210504,142316,2093461,1,0,513,25,25,0
20210504,142317,2093762,1,0,514,25,25,0
20210504,142317,2093984,1,0,515,25,25,0
20210504,142336,2113066,0,0,368,15,15,0
20210504,142336,2113134,0,0,369,15,15,0
20210504,142336,2113241,0,0,370,15,15,0
20210504,142336,2113356,0,0,371,15,15,0
20210504,142336,2113442,0,0,372,15,15,0
20210504,142337,2114246,0,0,372,16,16,0
20210504,142337,2114263,0,0,373,16,16,0
20210504,142337,2114379,0,0,374,16,16,0
20210504,142337,2114513,0,0,375,16,16,0
20210504,142337,2114630,0,0,376,16,16,0
20210504,142338,2114746,0,0,377,16,16,0
20210504,142338,2114880,0,0,378,16,16,0
20210504,142338,2115010,0,0,379,16,16,0
20210504,142338,2115131,0,0,380,16,16,0
20210504,142406,2143575,0,0,381,16,16,0
20210504,142406,2143659,0,0,382,16,16,0
20210504,142407,2143757,0,0,383,16,16,0
20210504,142407,2143857,0,0,384,16,16,0
20210504,142407,2143957,0,0,385,16,16,0
20210504,142408,2144759,0,0,385,17,17,0
20210504,142408,2144794,0,0,386,17,17,0
20210504,142408,2144893,0,0,387,17,17,0
20210504,142408,2145014,0,0,388,17,17,0
20210504,142408,2145263,0,0,389,17,17,0
20210504,142408,2145380,0,0,390,17,17,0
20210504,142408,2145648,0,0,391,17,17,0
20210504,142409,2145764,0,0,392,17,17,0
20210504,142409,2145896,0,0,393,17,17,0
20210504,142409,2146027,0,0,394,17,17,0
20210504,142409,2146133,0,0,395,17,17,0
20210504,142409,2146268,0,0,396,17,17,0
20210504,142409,2146387,0,0,397,17,17,0
20210504,142409,2146509,0,0,398,17,17,0
20210504,142409,2146644,0,0,399,17,17,0
20210504,142410,2146776,0,0,400,17,17,0
20210504,142410,2146894,0,0,401,17,17,0
20210504,142410,2147210,0,0,402,17,17,0
20210504,142410,2147310,0,0,403,17,17,0
20210504,142554,2251364,1,2,152,9,9,0
20210504,142555,2251912,1,2,153,9,9,0
20210504,142555,2252510,1,2,154,9,9,0
20210504,142604,2261181,1,0,516,25,25,0
20210504,142604,2261685,1,0,517,25,25,0
20210504,142605,2262002,1,0,518,25,25,0
20210504,142605,2262319,1,0,519,25,25,0
20210504,142605,2262553,1,0,520,25,25,0
20210504,142606,2263355,1,0,520,26,26,0
20210504,142625,2282625,0,0,404,17,17,0
20210504,142626,2282712,0,0,405,17,17,0
20210504,142626,2282813,0,0,406,17,17,0
20210504,142626,2282908,0,0,407,17,17,0
20210504,142626,2282996,0,0,408,17,17,0
20210504,142627,2283801,0,0,408,18,18,0
20210504,142627,2283918,0,0,409,18,18,0
20210504,142627,2284019,0,0,410,18,18,0
20210504,142627,2284135,0,0,411,18,18,0
20210504,142627,2284253,0,0,412,18,18,0
20210504,142627,2284382,0,0,413,18,18,0
20210504,142627,2284505,0,0,414,18,18,0
20210504,142627,2284620,0,0,415,18,18,0
20210504,142628,2285152,0,0,416,18,18,0
20210504,142628,2285238,0,0,417,18,18,0
20210504,142628,2285354,0,0,418,18,18,0
20210504,142628,2285487,0,0,419,18,18,0
20210504,142628,2285621,0,0,420,18,18,0
20210504,142629,2285754,0,0,421,18,18,0
20210504,142629,2285888,0,0,422,18,18,0
20210504,142629,2286005,0,0,423,18,18,0
20210504,142629,2286151,0,0,424,18,18,0
20210504,142629,2286253,0,0,425,18,18,0
20210504,142629,2286404,0,0,426,18,18,0
20210504,142629,2286520,0,0,427,18,18,0
20210504,142639,2296081,1,0,521,26,26,0
20210504,142639,2296245,1,0,522,26,26,0
20210504,142645,2301898,0,0,428,18,18,0
20210504,142645,2301982,0,0,429,18,18,0
20210504,142645,2302098,0,0,430,18,18,0
20210504,142645,2302210,0,0,431,18,18,0
20210504,142645,2302309,0,0,432,18,18,0
20210504,142645,2302427,0,0,433,18,18,0
20210504,142645,2302544,0,0,434,18,18,0
20210504,142645,2302659,0,0,435,18,18,0
20210504,142646,2302777,0,0,436,18,18,0
20210504,142646,2302895,0,0,437,18,18,0
20210504,142646,2303091,0,0,438,18,18,0
20210504,142646,2303147,0,0,439,18,18,0
20210504,142647,2304101,0,0,440,18,18,0
20210504,142647,2304217,0,0,441,18,18,0
20210504,142647,2304333,0,0,442,18,18,0
20210504,142648,2305147,0,0,442,19,19,0
20210504,142703,2319843,0,0,443,19,19,0
20210504,142703,2319930,0,0,444,19,19,0
20210504,142703,2320029,0,0,445,19,19,0
20210504,142703,2320130,0,0,446,19,19,0
20210504,142703,2320246,0,0,447,19,19,0
20210504,142703,2320463,0,0,448,19,19,0
20210504,142703,2320579,0,0,449,19,19,0
20210504,142704,2320696,0,0,450,19,19,0
20210504,142704,2320826,0,0,451,19,19,0
20210504,142704,2320944,0,0,452,19,19,0
20210504,142704,2321079,0,0,453,19,19,0
20210504,142704,2321195,0,0,454,19,19,0
20210504,142704,2321427,0,0,455,19,19,0
20210504,142704,2321559,0,0,456,19,19,0
20210504,142704,2321677,0,0,457,19,19,0
20210504,142705,2321777,0,0,458,19,19,0
20210504,142705,2321911,0,0,459,19,19,0
20210504,142705,2322028,0,0,460,19,19,0
20210504,142705,2322263,0,0,461,19,19,0
20210504,142705,2322397,0,0,462,19,19,0
20210504,142705,2322510,0,0,463,19,19,0
20210504,142705,2322652,0,0,464,19,19,0
20210504,142706,2322763,0,0,465,19,19,0
20210504,142706,2322885,0,0,466,19,19,0
20210504,142706,2323003,0,0,467,19,19,0
20210504,142706,2323143,0,0,468,19,19,0
20210504,142706,2323260,0,0,469,19,19,0
20210504,142706,2323404,0,0,470,19,19,0
20210504,142706,2323521,0,0,471,19,19,0
20210504,142706,2323668,0,0,472,19,19,0
20210504,142707,2323787,0,0,473,19,19,0
20210504,142707,2323905,0,0,474,19,19,0
20210504,142707,2324039,0,0,475,19,19,0
20210504,142707,2324172,0,0,476,19,19,0
20210504,142707,2324307,0,0,477,19,19,0
20210504,142707,2324442,0,0,478,19,19,0
20210504,142707,2324559,0,0,479,19,19,0
20210504,142708,2324709,0,0,480,19,19,0
20210504,142708,2324842,0,0,481,19,19,0
20210504,142708,2324960,0,0,482,19,19,0
20210504,142709,2325773,0,0,482,20,20,0
20210504,142709,2325878,0,0,483,20,20,0
20210504,142709,2326145,0,0,484,20,20,0
20210504,142709,2326280,0,0,485,20,20,0
20210504,142709,2326425,0,0,486,20,20,0
20210504,142709,2326678,0,0,487,20,20,0
20210504,142710,2326796,0,0,488,20,20,0
20210504,142710,2326931,0,0,489,20,20,0
20210504,142710,2327197,0,0,490,20,20,0
20210504,142710,2327309,0,0,491,20,20,0
20210504,142710,2327445,0,0,492,20,20,0
20210504,142711,2327917,0,0,493,20,20,0
20210504,142711,2328033,0,0,494,20,20,0
20210504,142746,2363379,1,0,523,26,26,0
20210504,142747,2363718,1,0,524,26,26,0
20210504,142804,2380736,0,0,495,20,20,0
20210504,142804,2381290,0,0,496,20,20,0
20210504,142804,2381406,0,0,497,20,20,0
20210504,142804,2381506,0,0,498,20,20,0
20210504,142804,2381607,0,0,499,20,20,0
20210504,142805,2382407,0,0,499,21,21,0
20210504,142805,2382524,0,0,500,21,21,0
20210504,142805,2382639,0,0,501,21,21,0
20210504,142806,2382758,0,0,502,21,21,0
20210504,142806,2383140,0,0,503,21,21,0
20210504,142807,2384170,0,0,504,21,21,0
20210504,142807,2384174,1,0,525,26,26,0
20210504,142807,2384273,0,0,505,21,21,0
20210504,142807,2384525,0,0,506,21,21,0
20210504,142807,2384638,0,0,507,21,21,0
20210504,142808,2384758,0,0,508,21,21,0
20210504,142808,2384974,1,0,525,27,27,0
20210504,142808,2385019,0,0,509,21,21,0
20210504,142808,2385042,1,0,526,27,27,0
20210504,142808,2385137,0,0,510,21,21,0
20210504,142808,2385141,1,0,527,27,27,0
20210504,142808,2385258,1,0,528,27,27,0
20210504,142808,2385372,1,0,529,27,27,0
20210504,142808,2385375,0,0,511,21,21,0
20210504,142808,2385475,1,0,530,27,27,0
20210504,142808,2385589,1,0,531,27,27,0
20210504,142809,2385693,1,0,532,27,27,0
20210504,142809,2385810,1,0,533,27,27,0
20210504,142809,2385910,1,0,534,27,27,0
20210504,142809,2386026,1,0,535,27,27,0
20210504,142809,2386143,1,0,536,27,27,0
20210504,142809,2386259,1,0,537,27,27,0
20210504,142809,2386360,1,0,538,27,27,0
20210504,142809,2386496,1,0,539,27,27,0
20210504,142809,2386595,1,0,540,27,27,0
20210504,142810,2386714,1,0,541,27,27,0
20210504,142810,2386831,1,0,542,27,27,0
20210504,142810,2386948,1,0,543,27,27,0
20210504,142810,2387076,1,0,544,27,27,0
20210504,142810,2387180,1,0,545,27,27,0
20210504,142810,2387309,1,0,546,27,27,0
20210504,142810,2387417,1,0,547,27,27,0
20210504,142810,2387534,1,0,548,27,27,0
20210504,142810,2387652,1,0,549,27,27,0
20210504,142811,2387792,1,0,550,27,27,0
20210504,142811,2387889,1,0,551,27,27,0
20210504,142811,2388030,1,0,552,27,27,0
20210504,142832,2409401,1,0,553,27,27,0
20210504,142832,2409469,1,0,554,27,27,0
20210504,142832,2409582,1,0,555,27,27,0
20210504,142832,2409670,1,0,556,27,27,0
20210504,142833,2409771,1,0,557,27,27,0
20210504,142833,2410571,1,0,557,28,28,0
20210504,142839,2416317,0,0,512,21,21,0
20210504,142839,2416483,0,0,513,21,21,0
20210504,142839,2416601,0,0,514,21,21,0
20210504,142840,2416701,0,0,515,21,21,0
20210504,142840,2416902,0,0,516,21,21,0
20210504,142841,2417718,0,0,516,22,22,0
20210504,142841,2417867,0,0,517,22,22,0
20210504,142841,2418237,0,0,518,22,22,0
20210504,142900,2437494,1,2,155,9,9,0
20210504,142901,2437859,1,2,156,9,9,0
20210504,142901,2438666,1,2,156,10,10,0
20210504,142902,2438751,0,0,519,22,22,0
20210504,142902,2439201,0,0,520,22,22,0
20210504,142902,2439621,0,0,521,22,22,0
20210504,142903,2439745,0,0,522,22,22,0
20210504,142903,2439856,0,0,523,22,22,0
20210504,142903,2440656,0,0,523,23,23,0
20210504,142904,2440901,0,0,524,23,23,0
20210504,142904,2441255,0,0,525,23,23,0
20210504,142904,2441509,0,0,526,23,23,0
20210504,142905,2441872,0,0,527,23,23,0
20210504,142905,2442560,0,0,528,23,23,0
20210504,142906,2443049,0,0,529,23,23,0
20210504,142906,2443564,0,0,530,23,23,0
20210504,142950,2487610,1,0,558,28,28,0
20210504,142951,2487791,1,0,559,28,28,0
20210504,142951,2488091,1,0,560,28,28,0
20210504,142951,2488409,1,0,561,28,28,0
20210504,142951,2488624,1,0,562,28,28,0
20210504,142952,2489428,1,0,562,29,29,0
20210504,142952,2489510,1,0,563,29,29,0
20210504,142953,2489727,1,0,564,29,29,0
20210504,143210,2626928,1,0,565,29,29,0
20210504,143210,2627127,1,0,566,29,29,0
20210504,143210,2627509,1,0,567,29,29,0
20210504,143211,2627727,1,0,568,29,29,0
20210504,143211,2627947,1,0,569,29,29,0
20210504,143212,2628753,1,0,569,30,30,0
20210504,143212,2628853,1,0,570,30,30,0
20210504,143224,2641085,0,0,531,23,23,0
20210504,143224,2641318,0,0,532,23,23,0
20210504,143225,2642177,0,0,533,23,23,0
20210504,143225,2642529,0,0,534,23,23,0
20210504,143226,2642891,0,0,535,23,23,0
20210504,143226,2643688,0,0,535,24,24,0
20210504,143227,2643865,0,0,536,24,24,0
20210504,143227,2644248,0,0,537,24,24,0
20210504,143228,2644783,0,0,538,24,24,0
20210504,143228,2645033,0,0,539,24,24,0
20210504,143228,2645295,0,0,540,24,24,0
20210504,143228,2645572,0,0,541,24,24,0
20210504,143229,2645701,0,0,542,24,24,0
20210504,143248,2665179,1,0,571,30,30,0
20210504,143248,2665517,1,0,572,30,30,0
20210504,143249,2665867,1,0,573,30,30,0
20210504,143249,2666067,1,0,574,30,30,0
20210504,143249,2666300,1,0,575,30,30,0
20210504,143250,2667103,1,0,575,31,31,0
20210504,143250,2667203,1,0,576,31,31,0
20210504,143250,2667302,1,0,577,31,31,0
20210504,143250,2667419,1,0,578,31,31,0
20210504,143250,2667533,1,0,579,31,31,0
20210504,143250,2667652,1,0,580,31,31,0
20210504,143251,2667769,1,0,581,31,31,0
20210504,143251,2667885,1,0,582,31,31,0
20210504,143251,2668002,1,0,583,31,31,0
20210504,143251,2668121,1,0,584,31,31,0
20210504,143251,2668237,1,0,585,31,31,0
20210504,143251,2668354,1,0,586,31,31,0
20210504,143251,2668471,1,0,587,31,31,0
20210504,143251,2668587,1,0,588,31,31,0
20210504,143252,2668721,1,0,589,31,31,0
20210504,143252,2668839,1,0,590,31,31,0
20210504,143353,2729700,0,0,543,24,24,0
20210504,143353,2729957,0,0,544,24,24,0
20210504,143356,2733616,0,0,545,24,24,0
20210504,143357,2733836,0,0,546,24,24,0
20210504,143357,2734050,0,0,547,24,24,0
20210504,143358,2734853,0,0,547,25,25,0
20210504,143358,2735120,0,0,548,25,25,0
20210504,143358,2735369,0,0,549,25,25,0
20210504,143359,2735744,0,0,550,25,25,0
20210504,143359,2736128,0,0,551,25,25,0
20210504,143359,2736360,0,0,552,25,25,0
20210504,143359,2736508,0,0,553,25,25,0
20210504,143400,2736747,0,0,554,25,25,0
20210504,143400,2736886,0,0,555,25,25,0
20210504,143400,2737252,0,0,556,25,25,0
20210504,143400,2737683,0,0,557,25,25,0
20210504,143502,2799078,1,2,157,10,10,0
20210504,143502,2799431,1,2,158,10,10,0
20210504,143503,2799908,1,2,159,10,10,0
20210504,143504,2800912,1,2,160,10,10,0
20210504,143537,2834329,1,0,591,31,31,0
20210504,143537,2834628,1,0,592,31,31,0
20210504,143538,2834813,1,0,593,31,31,0
20210504,143538,2835025,1,0,594,31,31,0
20210504,143538,2835230,1,0,595,31,31,0
20210504,143539,2836030,1,0,595,32,32,0
20210504,143539,2836113,1,0,596,32,32,0
20210504,143539,2836229,1,0,597,32,32,0
20210504,143547,2843987,1,0,598,32,32,0
20210504,143547,2844085,1,0,599,32,32,0
20210504,143547,2844249,1,0,600,32,32,0
20210504,143547,2844351,1,0,601,32,32,0
20210504,143547,2844585,1,0,602,32,32,0
20210504,143547,2844690,1,0,603,32,32,0
20210504,143548,2844793,1,0,604,32,32,0
20210504,143548,2845010,1,0,605,32,32,0
20210504,143548,2845110,1,0,606,32,32,0
20210504,143548,2845226,1,0,607,32,32,0
20210504,143548,2845345,1,0,608,32,32,0
20210504,143548,2845444,1,0,609,32,32,0
20210504,143548,2845559,1,0,610,32,32,0
20210504,143548,2845662,1,0,611,32,32,0
20210504,143549,2845779,1,0,612,32,32,0
20210504,143549,2845895,1,0,613,32,32,0
20210504,143549,2846018,1,0,614,32,32,0
20210504,143549,2846133,1,0,615,32,32,0
20210504,143549,2846403,1,0,616,32,32,0
20210504,143549,2846488,1,0,617,32,32,0
20210504,143549,2846604,1,0,618,32,32,0
20210504,143550,2846838,1,0,619,32,32,0
20210504,143550,2846938,1,0,620,32,32,0
20210504,143550,2847056,1,0,621,32,32,0
20210504,143550,2847155,1,0,622,32,32,0
20210504,143642,2899386,1,0,623,32,32,0
20210504,143642,2899471,1,0,624,32,32,0
20210504,143642,2899574,1,0,625,32,32,0
20210504,143642,2899673,1,0,626,32,32,0
20210504,143643,2899773,1,0,627,32,32,0
20210504,143643,2900573,1,0,627,33,33,0
20210504,143643,2900635,1,0,628,33,33,0
20210504,143644,2900756,1,0,629,33,33,0
20210504,143644,2900872,1,0,630,33,33,0
20210504,143644,2900973,1,0,631,33,33,0
20210504,143644,2901102,1,0,632,33,33,0
20210504,143644,2901208,1,0,633,33,33,0
20210504,143644,2901324,1,0,634,33,33,0
20210504,143644,2901556,1,0,635,33,33,0
20210504,143644,2901671,1,0,636,33,33,0
20210504,143645,2901894,1,0,637,33,33,0
20210504,143645,2902023,1,0,638,33,33,0
20210504,143645,2902139,1,0,639,33,33,0
20210504,143645,2902257,1,0,640,33,33,0
20210504,143645,2902376,1,0,641,33,33,0
20210504,143645,2902495,1,0,642,33,33,0
20210504,143645,2902612,1,0,643,33,33,0
20210504,143646,2902740,1,0,644,33,33,0
20210504,143646,2902879,1,0,645,33,33,0
20210504,143646,2902963,1,0,646,33,33,0
20210504,143646,2903081,1,0,647,33,33,0
20210504,143646,2903211,1,0,648,33,33,0
20210504,143646,2903333,1,0,649,33,33,0
20210504,143646,2903436,1,0,650,33,33,0
20210504,143646,2903572,1,0,651,33,33,0
20210504,143646,2903682,1,0,652,33,33,0
20210504,143647,2903922,1,0,653,33,33,0
20210504,143647,2904038,1,0,654,33,33,0
20210504,143647,2904155,1,0,655,33,33,0
20210504,143717,2934670,1,0,656,33,33,0
20210504,143718,2934755,1,0,657,33,33,0
20210504,143718,2934867,1,0,658,33,33,0
20210504,143718,2934954,1,0,659,33,33,0
20210504,143718,2935038,1,0,660,33,33,0
20210504,143719,2935850,1,0,660,34,34,0
20210504,143736,2952786,1,2,161,10,10,0
20210504,143736,2953587,1,2,161,11,11,0
20210504,143744,2960873,0,0,558,25,25,0
20210504,143744,2961073,0,0,559,25,25,0
20210504,143745,2961807,0,0,560,25,25,0
20210504,143745,2962141,0,0,561,25,25,0
20210504,143745,2962611,0,0,562,25,25,0
20210504,143746,2963411,0,0,562,26,26,0
20210504,143747,2963737,0,0,563,26,26,0
20210504,143747,2963989,0,0,564,26,26,0
20210504,143747,2964338,0,0,565,26,26,0
20210504,143747,2964491,0,0,566,26,26,0
20210504,143748,2964739,0,0,567,26,26,0
20210504,143748,2964993,0,0,568,26,26,0
20210504,143748,2965124,0,0,569,26,26,0
20210504,143748,2965244,0,0,570,26,26,0
20210504,143748,2965496,0,0,571,26,26,0
20210504,143749,2965762,0,0,572,26,26,0
20210504,143749,2965894,0,0,573,26,26,0
20210504,143749,2966159,0,0,574,26,26,0
20210504,143749,2966299,0,0,575,26,26,0
20210504,143749,2966562,0,0,576,26,26,0
20210504,143750,2966710,0,0,577,26,26,0
20210504,143915,3052409,0,0,578,26,26,0
20210504,143915,3052580,0,0,579,26,26,0
20210504,143916,3052779,0,0,580,26,26,0
20210504,143916,3052996,0,0,581,26,26,0
20210504,143916,3053224,0,0,582,26,26,0
20210504,143917,3054030,0,0,582,27,27,0
20210504,143917,3054161,0,0,583,27,27,0
20210504,143917,3054280,0,0,584,27,27,0
20210504,143917,3054633,0,0,585,27,27,0
20210504,143918,3054763,0,0,586,27,27,0
20210504,143918,3054882,0,0,587,27,27,0
20210504,143918,3055000,0,0,588,27,27,0
20210504,143918,3055135,0,0,589,27,27,0
20210504,143918,3055249,0,0,590,27,27,0
20210504,143918,3055384,0,0,591,27,27,0
20210504,143918,3055643,0,0,592,27,27,0
20210504,143919,3055777,0,0,593,27,27,0
20210504,143928,3065192,0,0,594,27,27,0
20210504,143928,3065308,0,0,595,27,27,0
20210504,143928,3065407,0,0,596,27,27,0
20210504,143928,3065506,0,0,597,27,27,0
20210504,143929,3065709,0,0,598,27,27,0
20210504,143929,3065827,0,0,599,27,27,0
20210504,143929,3066060,0,0,600,27,27,0
20210504,143929,3066293,0,0,601,27,27,0
20210504,143929,3066528,0,0,602,27,27,0
20210504,144234,3251019,0,0,603,27,27,0
20210504,144234,3251119,0,0,604,27,27,0
20210504,144234,3251209,0,0,605,27,27,0
20210504,144234,3251322,0,0,606,27,27,0
20210504,144234,3251409,0,0,607,27,27,0
20210504,144235,3252218,0,0,607,28,28,0
20210504,144235,3252335,0,0,608,28,28,0
20210504,144235,3252452,0,0,609,28,28,0
20210504,144235,3252585,0,0,610,28,28,0
20210504,144236,3252703,0,0,611,28,28,0
20210504,144236,3252836,0,0,612,28,28,0
20210504,144236,3253069,0,0,613,28,28,0
20210504,144236,3253287,0,0,614,28,28,0
20210504,144236,3253439,0,0,615,28,28,0
20210504,144236,3253551,0,0,616,28,28,0
20210504,144236,3253684,0,0,617,28,28,0
20210504,144237,3253808,0,0,618,28,28,0
20210504,144237,3253946,0,0,619,28,28,0
20210504,144237,3254064,0,0,620,28,28,0
20210504,144237,3254213,0,0,621,28,28,0
20210504,144237,3254347,0,0,622,28,28,0
20210504,144237,3254465,0,0,623,28,28,0
20210504,144237,3254597,0,0,624,28,28,0
20210504,144238,3254731,0,0,625,28,28,0
20210504,144238,3254881,0,0,626,28,28,0
20210504,144238,3255001,0,0,627,28,28,0
20210504,144238,3255269,0,0,628,28,28,0
20210504,144238,3255398,0,0,629,28,28,0
20210504,144239,3255803,0,0,630,28,28,0
20210504,144239,3255950,0,0,631,28,28,0
20210504,144239,3256186,0,0,632,28,28,0
20210504,144239,3256319,0,0,633,28,28,0
20210504,144239,3256451,0,0,634,28,28,0
20210504,144239,3256600,0,0,635,28,28,0
20210504,144315,3292653,0,0,636,28,28,0
20210504,144316,3292723,0,0,637,28,28,0
20210504,144316,3292839,0,0,638,28,28,0
20210504,144316,3292940,0,0,639,28,28,0
20210504,144316,3293034,0,0,640,28,28,0
20210504,144317,3293853,0,0,640,29,29,0
20210504,144317,3293900,0,0,641,29,29,0
20210504,144317,3294025,0,0,642,29,29,0
20210504,144317,3294265,0,0,643,29,29,0
20210504,144317,3294390,0,0,644,29,29,0
20210504,144317,3294515,0,0,645,29,29,0
20210504,144318,3294770,0,0,646,29,29,0
20210504,144318,3295021,0,0,647,29,29,0
20210504,144318,3295156,0,0,648,29,29,0
20210504,144318,3295290,0,0,649,29,29,0
20210504,144318,3295421,0,0,650,29,29,0
20210504,144318,3295540,0,0,651,29,29,0
20210504,144319,3295791,0,0,652,29,29,0
20210504,144319,3295942,0,0,653,29,29,0
20210504,144319,3296048,0,0,654,29,29,0
20210504,144319,3296190,0,0,655,29,29,0
20210504,144319,3296306,0,0,656,29,29,0
20210504,144319,3296579,0,0,657,29,29,0
20210504,144320,3296716,0,0,658,29,29,0
20210504,144320,3296852,0,0,659,29,29,0
20210504,144320,3296971,0,0,660,29,29,0
20210504,144320,3297108,0,0,661,29,29,0
20210504,144320,3297364,0,0,662,29,29,0
20210504,144320,3297505,0,0,663,29,29,0
20210504,144320,3297619,0,0,664,29,29,0
20210504,144321,3298031,0,0,665,29,29,0
20210504,144321,3298152,0,0,666,29,29,0
20210504,144321,3298284,0,0,667,29,29,0
20210504,144321,3298401,0,0,668,29,29,0
20210504,144324,3301027,0,0,669,29,29,0
20210504,144324,3301129,0,0,670,29,29,0
20210504,144329,3306045,0,0,671,29,29,0
20210504,144329,3306127,0,0,672,29,29,0
20210504,144329,3306245,0,0,673,29,29,0
20210504,144528,3425563,1,0,661,34,34,0
20210504,144528,3425681,1,0,662,34,34,0
20210504,144529,3425778,1,0,663,34,34,0
20210504,144529,3425878,1,0,664,34,34,0
20210504,144529,3425998,1,0,665,34,34,0
20210504,144530,3426812,1,0,665,35,35,0
20210504,144530,3426853,1,0,666,35,35,0
20210504,144530,3426977,1,0,667,35,35,0
20210504,144530,3427101,1,0,668,35,35,0
20210504,144530,3427235,1,0,669,35,35,0
20210504,144530,3427360,1,0,670,35,35,0
20210504,144530,3427474,1,0,671,35,35,0
20210504,144530,3427595,1,0,672,35,35,0
20210504,144531,3427742,1,0,673,35,35,0
20210504,144531,3427868,1,0,674,35,35,0
20210504,144531,3427999,1,0,675,35,35,0
20210504,144531,3428131,1,0,676,35,35,0
20210504,144531,3428257,1,0,677,35,35,0
20210504,144531,3428380,1,0,678,35,35,0
20210504,144531,3428516,1,0,679,35,35,0
20210504,144531,3428643,1,0,680,35,35,0
20210504,144532,3428777,1,0,681,35,35,0
20210504,144532,3428898,1,0,682,35,35,0
20210504,144532,3429030,1,0,683,35,35,0
20210504,144532,3429161,1,0,684,35,35,0
20210504,144532,3429292,1,0,685,35,35,0
20210504,144532,3429552,1,0,686,35,35,0
20210504,144532,3429691,1,0,687,35,35,0
20210504,144533,3429807,1,0,688,35,35,0
20210504,144533,3429930,1,0,689,35,35,0
20210504,144533,3430078,1,0,690,35,35,0
20210504,144533,3430212,1,0,691,35,35,0
20210504,144533,3430343,1,0,692,35,35,0
20210504,144533,3430465,1,0,693,35,35,0
20210504,144533,3430599,1,0,694,35,35,0
20210504,144534,3430730,1,0,695,35,35,0
20210504,144534,3430858,1,0,696,35,35,0
20210504,144534,3430993,1,0,697,35,35,0
20210504,144534,3431112,1,0,698,35,35,0
20210504,144534,3431277,1,0,699,35,35,0
20210504,144534,3431396,1,0,700,35,35,0
20210504,144534,3431531,1,0,701,35,35,0
20210504,144534,3431665,1,0,702,35,35,0
20210504,144544,3440894,1,0,703,35,35,0
20210504,144544,3440980,1,0,704,35,35,0
20210504,144544,3441081,1,0,705,35,35,0
20210504,144544,3441198,1,0,706,35,35,0
20210504,144544,3441298,1,0,707,35,35,0
20210504,144544,3441414,1,0,708,35,35,0
20210504,144544,3441531,1,0,709,35,35,0
20210504,144544,3441664,1,0,710,35,35,0
20210504,144545,3441781,1,0,711,35,35,0
20210504,144545,3441899,1,0,712,35,35,0
20210504,144545,3442019,1,0,713,35,35,0
20210504,144545,3442168,1,0,714,35,35,0
20210504,144545,3442298,1,0,715,35,35,0
20210504,144545,3442417,1,0,716,35,35,0
20210504,144545,3442535,1,0,717,35,35,0
20210504,144545,3442676,1,0,718,35,35,0
20210504,144546,3442796,1,0,719,35,35,0
20210504,144546,3442930,1,0,720,35,35,0
20210504,144546,3443055,1,0,721,35,35,0
20210504,144546,3443185,1,0,722,35,35,0
20210504,144546,3443308,1,0,723,35,35,0
20210504,144546,3443457,1,0,724,35,35,0
20210504,144546,3443574,1,0,725,35,35,0
20210504,144547,3443749,1,0,726,35,35,0
20210504,144547,3443851,1,0,727,35,35,0
20210504,144547,3443994,1,0,728,35,35,0
20210504,144547,3444129,1,0,729,35,35,0
20210504,144547,3444246,1,0,730,35,35,0
20210504,144550,3447159,1,0,731,35,35,0
20210504,144550,3447271,1,0,732,35,35,0
20210504,144550,3447388,1,0,733,35,35,0
20210504,144550,3447518,1,0,734,35,35,0
20210504,144550,3447637,1,0,735,35,35,0
20210504,144551,3448440,1,0,735,36,36,0
20210504,144551,3448569,1,0,736,36,36,0
20210504,144552,3448700,1,0,737,36,36,0
20210504,144552,3448832,1,0,738,36,36,0
20210504,144552,3448969,1,0,739,36,36,0
20210504,144552,3449104,1,0,740,36,36,0
20210504,144552,3449237,1,0,741,36,36,0
20210504,144552,3449403,1,0,742,36,36,0
20210504,144552,3449676,1,0,743,36,36,0
20210504,144624,3481316,0,0,674,29,29,0
20210504,144624,3481413,0,0,675,29,29,0
20210504,144624,3481516,0,0,676,29,29,0
20210504,144624,3481616,0,0,677,29,29,0
20210504,144625,3481717,0,0,678,29,29,0
20210504,144625,3482522,0,0,678,30,30,0
20210504,144625,3482538,0,0,679,30,30,0
20210504,144625,3482644,0,0,680,30,30,0
20210504,144626,3482787,0,0,681,30,30,0
20210504,144626,3482886,0,0,682,30,30,0
20210504,144626,3483018,0,0,683,30,30,0
20210504,144626,3483136,0,0,684,30,30,0
20210504,144626,3483252,0,0,685,30,30,0
20210504,144626,3483373,0,0,686,30,30,0
20210504,144626,3483506,0,0,687,30,30,0
20210504,144626,3483638,0,0,688,30,30,0
20210504,144637,3494517,0,0,689,30,30,0
20210504,144637,3494602,0,0,690,30,30,0
20210504,144638,3494719,0,0,691,30,30,0
20210504,144638,3494821,0,0,692,30,30,0
20210504,144638,3494954,0,0,693,30,30,0
20210504,144638,3495072,0,0,694,30,30,0
20210504,144638,3495187,0,0,695,30,30,0
20210504,144638,3495320,0,0,696,30,30,0
20210504,144638,3495455,0,0,697,30,30,0
20210504,144638,3495584,0,0,698,30,30,0
20210504,144639,3495705,0,0,699,30,30,0
20210504,144639,3495837,0,0,700,30,30,0
20210504,144639,3495970,0,0,701,30,30,0
20210504,144639,3496087,0,0,702,30,30,0
20210504,144639,3496219,0,0,703,30,30,0
20210504,144639,3496321,0,0,704,30,30,0
20210504,144639,3496555,0,0,705,30,30,0
20210504,144639,3496686,0,0,706,30,30,0
20210504,144640,3496805,0,0,707,30,30,0
20210504,144640,3496955,0,0,708,30,30,0
20210504,144640,3497072,0,0,709,30,30,0
20210504,144640,3497205,0,0,710,30,30,0
20210504,144640,3497338,0,0,711,30,30,0
20210504,145016,3713643,0,0,712,30,30,0
20210504,145017,3713743,0,0,713,30,30,0
20210504,145017,3713843,0,0,714,30,30,0
20210504,145017,3713962,0,0,715,30,30,0
20210504,145017,3714063,0,0,716,30,30,0
20210504,145018,3714865,0,0,716,31,31,0
20210504,145018,3714898,0,0,717,31,31,0
20210504,145018,3715165,0,0,718,31,31,0
20210504,145018,3715416,0,0,719,31,31,0
20210504,145136,3793413,1,0,744,36,36,0
20210504,145136,3793531,1,0,745,36,36,0
20210504,145136,3793664,1,0,746,36,36,0
20210504,145137,3793765,1,0,747,36,36,0
20210504,145137,3793881,1,0,748,36,36,0
20210504,145137,3794685,1,0,748,37,37,0
20210504,145138,3794782,1,0,749,37,37,0
20210504,145138,3794903,1,0,750,37,37,0
20210504,145138,3795034,1,0,751,37,37,0
20210504,145138,3795169,1,0,752,37,37,0
20210504,145138,3795287,1,0,753,37,37,0
20210504,145138,3795418,1,0,754,37,37,0
20210504,145138,3795536,1,0,755,37,37,0
20210504,145138,3795668,1,0,756,37,37,0
20210504,145139,3795803,1,0,757,37,37,0
20210504,145139,3795934,1,0,758,37,37,0
20210504,145139,3796054,1,0,759,37,37,0
20210504,145139,3796187,1,0,760,37,37,0
20210504,145139,3796320,1,0,761,37,37,0
20210504,145139,3796437,1,0,762,37,37,0
20210504,145139,3796570,1,0,763,37,37,0
20210504,145140,3796705,1,0,764,37,37,0
20210504,145140,3796820,1,0,765,37,37,0
20210504,145140,3796953,1,0,766,37,37,0
20210504,145140,3797087,1,0,767,37,37,0
20210504,145140,3797213,1,0,768,37,37,0
20210504,145140,3797345,1,0,769,37,37,0
20210504,145140,3797494,1,0,770,37,37,0
20210504,145140,3797622,1,0,771,37,37,0
20210504,145141,3797759,1,0,772,37,37,0
20210504,145141,3797874,1,0,773,37,37,0
20210504,145141,3798025,1,0,774,37,37,0
20210504,145141,3798158,1,0,775,37,37,0
20210504,145141,3798293,1,0,776,37,37,0
20210504,145141,3798425,1,0,777,37,37,0
20210504,145141,3798560,1,0,778,37,37,0
20210504,145142,3798693,1,0,779,37,37,0
20210504,145142,3798826,1,0,780,37,37,0
20210504,145142,3798961,1,0,781,37,37,0
20210504,145142,3799093,1,0,782,37,37,0
20210504,145142,3799228,1,0,783,37,37,0
20210504,145142,3799344,1,0,784,37,37,0
20210504,145142,3799478,1,0,785,37,37,0
20210504,145142,3799609,1,0,786,37,37,0
20210504,145143,3799748,1,0,787,37,37,0
20210504,145143,3799864,1,0,788,37,37,0
20210504,145143,3800030,1,0,789,37,37,0
20210504,145143,3800151,1,0,790,37,37,0
20210504,145143,3800284,1,0,791,37,37,0
20210504,145143,3800414,1,0,792,37,37,0
20210504,145143,3800660,1,0,793,37,37,0
20210504,145144,3800825,1,0,794,37,37,0
20210504,145144,3800946,1,0,795,37,37,0
20210504,145144,3801083,1,0,796,37,37,0
20210504,145144,3801215,1,0,797,37,37,0
20210504,145144,3801365,1,0,798,37,37,0
20210504,145200,3816884,1,0,799,37,37,0
20210504,145200,3816967,1,0,800,37,37,0
20210504,145200,3817068,1,0,801,37,37,0
20210504,145200,3817172,1,0,802,37,37,0
20210504,145200,3817272,1,0,803,37,37,0
20210504,145201,3818080,1,0,803,38,38,0
20210504,145201,3818098,1,0,804,38,38,0
20210504,145201,3818228,1,0,805,38,38,0
20210504,145201,3818348,1,0,806,38,38,0
20210504,145201,3818465,1,0,807,38,38,0
20210504,145201,3818597,1,0,808,38,38,0
20210504,145202,3818721,1,0,809,38,38,0
20210504,145202,3818870,1,0,810,38,38,0
20210504,145202,3818971,1,0,811,38,38,0
20210504,145203,3820510,1,0,812,38,38,0
20210504,145203,3820626,1,0,813,38,38,0
20210504,145204,3820761,1,0,814,38,38,0
20210504,145204,3820911,1,0,815,38,38,0
20210504,145204,3821188,1,0,816,38,38,0
20210504,145204,3821322,1,0,817,38,38,0
20210504,145204,3821452,1,0,818,38,38,0
20210504,145300,3877488,0,0,720,31,31,0
20210504,145300,3877556,0,0,721,31,31,0
20210504,145300,3877673,0,0,722,31,31,0
20210504,145301,3877776,0,0,723,31,31,0
20210504,145301,3877892,0,0,724,31,31,0
20210504,145302,3878701,0,0,724,32,32,0
20210504,145302,3878734,0,0,725,32,32,0
20210504,145302,3878870,0,0,726,32,32,0
20210504,145302,3878989,0,0,727,32,32,0
20210504,145302,3879123,0,0,728,32,32,0
20210504,145302,3879221,0,0,729,32,32,0
20210504,145302,3879353,0,0,730,32,32,0
20210504,145302,3879491,0,0,731,32,32,0
20210504,145302,3879623,0,0,732,32,32,0
20210504,145303,3879741,0,0,733,32,32,0
20210504,145303,3879872,0,0,734,32,32,0
20210504,145303,3880120,0,0,735,32,32,0
20210504,145303,3880258,0,0,736,32,32,0
20210504,145303,3880394,0,0,737,32,32,0
20210504,145303,3880509,0,0,738,32,32,0
20210504,145303,3880676,0,0,739,32,32,0
20210504,145304,3880779,0,0,740,32,32,0
20210504,145304,3880929,0,0,741,32,32,0
20210504,145304,3881047,0,0,742,32,32,0
20210504,145304,3881212,0,0,743,32,32,0
20210504,145304,3881314,0,0,744,32,32,0
20210504,145304,3881450,0,0,745,32,32,0
20210504,145304,3881584,0,0,746,32,32,0
20210504,145305,3881717,0,0,747,32,32,0
20210504,145305,3881838,0,0,748,32,32,0
20210504,145305,3881992,0,0,749,32,32,0
20210504,145305,3882108,0,0,750,32,32,0
20210504,145305,3882256,0,0,751,32,32,0
20210504,145305,3882515,0,0,752,32,32,0
20210504,145314,3890971,0,0,753,32,32,0
20210504,145314,3891075,0,0,754,32,32,0
20210504,145314,3891209,0,0,755,32,32,0
20210504,145314,3891344,0,0,756,32,32,0
20210504,145314,3891462,0,0,757,32,32,0
20210504,145314,3891582,0,0,758,32,32,0
20210504,145315,3891700,0,0,759,32,32,0
20210504,145315,3891848,0,0,760,32,32,0
20210504,145315,3891950,0,0,761,32,32,0
20210504,145315,3892102,0,0,762,32,32,0
20210504,145315,3892241,0,0,763,32,32,0
20210504,145315,3892357,0,0,764,32,32,0
20210504,145315,3892492,0,0,765,32,32,0
20210504,145316,3892745,0,0,766,32,32,0
20210504,145316,3892872,0,0,767,32,32,0
20210504,145316,3892989,0,0,768,32,32,0
20210504,145316,3893138,0,0,769,32,32,0
20210504,145316,3893263,0,0,770,32,32,0
20210504,145316,3893409,0,0,771,32,32,0
20210504,145316,3893532,0,0,772,32,32,0
20210504,145316,3893682,0,0,773,32,32,0
20210504,145317,3893817,0,0,774,32,32,0
20210504,145317,3893925,0,0,775,32,32,0
20210504,145317,3894469,0,0,776,32,32,0
20210504,145317,3894569,0,0,777,32,32,0
20210504,145318,3894736,0,0,778,32,32,0
20210504,145318,3894884,0,0,779,32,32,0
20210504,145318,3895002,0,0,780,32,32,0
20210504,145318,3895368,0,0,781,32,32,0
20210504,145342,3919262,0,0,782,32,32,0
20210504,145342,3919351,0,0,783,32,32,0
20210504,145342,3919474,0,0,784,32,32,0
20210504,145342,3919595,0,0,785,32,32,0
20210504,145343,3919711,0,0,786,32,32,0
20210504,145343,3920522,0,0,786,33,33,0
20210504,145343,3920574,0,0,787,33,33,0
20210504,145343,3920691,0,0,788,33,33,0
20210504,145344,3920830,0,0,789,33,33,0
20210504,145414,3951068,0,0,790,33,33,0
20210504,145417,3954559,0,0,791,33,33,0
20210504,145455,3992344,0,0,792,33,33,0
20210504,145455,3992444,0,0,793,33,33,0
20210504,145455,3992665,0,0,794,33,33,0
20210504,145456,3993481,0,0,794,34,34,0
20210504,145456,3993584,0,0,795,34,34,0
20210504,145457,3993702,0,0,796,34,34,0
20210504,145457,3993819,0,0,797,34,34,0
20210504,145457,3993934,0,0,798,34,34,0
20210504,145457,3994035,0,0,799,34,34,0
20210504,145457,3994160,0,0,800,34,34,0
20210504,145457,3994283,0,0,801,34,34,0
20210504,145457,3994417,0,0,802,34,34,0
20210504,145457,3994552,0,0,803,34,34,0
20210504,145457,3994685,0,0,804,34,34,0
20210504,145535,4032521,0,2,102,6,6,0
20210504,145536,4032722,0,2,103,6,6,0
20210504,145536,4033520,0,2,103,7,7,0
20210504,145536,4033554,0,2,104,7,7,0
20210504,145536,4033674,0,2,105,7,7,0
20210504,145537,4034008,0,2,106,7,7,0
20210504,145537,4034133,0,2,107,7,7,0
20210504,145537,4034261,0,2,108,7,7,0
20210504,145537,4034502,0,2,109,7,7,0
20210504,145537,4034635,0,2,110,7,7,0
20210504,145538,4034755,0,2,111,7,7,0
20210504,145538,4034872,0,2,112,7,7,0
20210504,145538,4035138,0,2,113,7,7,0
20210504,145538,4035253,0,2,114,7,7,0
20210504,145546,4043121,0,0,805,34,34,0
20210504,145546,4043184,0,0,806,34,34,0
20210504,145546,4043415,0,0,807,34,34,0
20210504,145546,4043512,0,0,808,34,34,0
20210504,145546,4043630,0,0,809,34,34,0
20210504,145547,4044429,0,0,809,35,35,0
20210504,145547,4044444,0,0,810,35,35,0
20210504,145548,4044960,0,0,811,35,35,0
20210504,145548,4045069,0,0,812,35,35,0
20210504,145548,4045194,0,0,813,35,35,0
20210504,145548,4045313,0,0,814,35,35,0
20210504,145548,4045437,0,0,815,35,35,0
20210504,145548,4045564,0,0,816,35,35,0
20210504,145548,4045682,0,0,817,35,35,0
20210504,145549,4045801,0,0,818,35,35,0
20210504,145549,4045934,0,0,819,35,35,0
20210504,145549,4046053,0,0,820,35,35,0
20210504,145549,4046160,0,0,821,35,35,0
20210504,145549,4046270,0,0,822,35,35,0
20210504,145551,4048299,0,0,823,35,35,0
20210504,145650,4107549,0,0,824,35,35,0
20210504,145650,4107666,0,0,825,35,35,0
20210504,145651,4107775,0,0,826,35,35,0
20210504,145651,4107870,0,0,827,35,35,0
20210504,145651,4107974,0,0,828,35,35,0
20210504,145652,4108782,0,0,828,36,36,0
20210504,145652,4108913,0,0,829,36,36,0
20210504,145652,4109030,0,0,830,36,36,0
20210504,145652,4109153,0,0,831,36,36,0
20210504,145652,4109275,0,0,832,36,36,0
20210504,145652,4109397,0,0,833,36,36,0
20210504,145652,4109513,0,0,834,36,36,0
20210504,145652,4109644,0,0,835,36,36,0
20210504,145653,4109877,0,0,836,36,36,0
20210504,145653,4109998,0,0,837,36,36,0
20210504,152230,5646930,0,0,838,36,36,0
20210504,152230,5647319,0,0,839,36,36,0
20210504,152231,5647693,0,0,840,36,36,0
20210504,152231,5648049,0,0,841,36,36,0
20210504,152231,5648430,0,0,842,36,36,0
20210504,152232,5649244,0,0,842,37,37,0
20210504,152236,5653275,0,2,115,7,7,0
20210504,152236,5653678,0,2,116,7,7,0
20210504,152237,5654030,0,2,117,7,7,0
20210504,152237,5654429,0,2,118,7,7,0
20210504,152238,5654754,0,2,119,7,7,0
20210504,152238,5655571,0,2,119,8,8,0
20210504,152243,5659937,1,0,819,38,38,0
20210504,152243,5660276,1,0,820,38,38,0
20210504,152243,5660626,1,0,821,38,38,0
20210504,152244,5660930,1,0,822,38,38,0
20210504,152244,5661265,1,0,823,38,38,0
20210504,152245,5662067,1,0,823,39,39,0
20210504,152250,5667147,1,2,162,11,11,0
20210504,152251,5668171,1,2,163,11,11,0
20210504,152251,5668556,1,2,164,11,11,0
20210504,152252,5668865,1,2,165,11,11,0
20210504,152252,5669594,1,2,166,11,11,0
20210504,152253,5670411,1,2,166,12,12,0
20210504,152314,5691090,1,2,167,12,12,0
20210504,152314,5691429,1,2,168,12,12,0
20210504,152315,5691736,1,2,169,12,12,0
20210504,152315,5692023,1,2,170,12,12,0
20210504,152315,5692332,1,2,171,12,12,0
20210504,152316,5693136,1,2,171,13,13,0
